Species	otago	okla	jena
[Actinopolyspora] iraqiensis		1	
[Polyangium] brachysporum	1	1	1
[Pseudomonas] mesoacidophila	1	1	1
Acetobacteraceae bacterium AT-5844	1	1	1
Achromobacter denitrificans	1	1	1
Achromobacter insolitus	1	1	1
Achromobacter insuavis		1	1
Achromobacter marplatensis	1	1	1
Achromobacter piechaudii	1	1	1
Achromobacter pulmonis			1
Achromobacter sp. 2789STDY5608615			1
Achromobacter sp. 2789STDY5608621		1	1
Achromobacter sp. 2789STDY5608625	1	1	1
Achromobacter sp. 2789STDY5608633			1
Achromobacter sp. AONIH1	1	1	1
Achromobacter sp. DMS1	1	1	1
Achromobacter sp. Root170	1	1	1
Achromobacter sp. Root83	1	1	1
Achromobacter sp. RTa	1	1	1
Achromobacter spanius	1	1	1
Achromobacter xylosoxidans	1	1	1
Acidibrevibacterium fodinaquatile	1	1	1
Acidiferrobacter sp. SPIII_3	1	1	1
Acidihalobacter ferrooxidans	1	1	1
Acidihalobacter prosperus	1	1	1
Acidimangrovimonas indica	1	1	1
Acidimicrobium ferrooxidans	1	1	1
Acidiphilium multivorum		1	1
Acidipropionibacterium acidipropionici	1	1	1
Acidisphaera rubrifaciens	1	1	1
Acidithiobacillus caldus	1	1	1
Acidobacteriaceae bacterium KBS 83	1	1	1
Acidobacteriaceae bacterium KBS 89	1	1	1
Acidobacteriaceae bacterium URHE0068	1	1	1
Acidobacterium capsulatum	1	1	1
Acidocella sp. MX-AZ02	1	1	1
Acidomonas methanolica	1	1	1
Acidovorax anthurii	1	1	1
Acidovorax avenae	1	1	1
Acidovorax carolinensis	1	1	1
Acidovorax cattleyae	1	1	1
Acidovorax citrulli	1	1	1
Acidovorax defluvii	1	1	1
Acidovorax ebreus		1	1
Acidovorax konjaci	1	1	1
Acidovorax sp. GW101-3H11		1	1
Acidovorax sp. JHL-9	1	1	1
Acidovorax sp. JS42		1	1
Acidovorax sp. KKS102	1	1	1
Acidovorax sp. Leaf191		1	1
Acidovorax sp. Leaf78		1	1
Acidovorax sp. MR-S7	1	1	1
Acidovorax sp. RAC01		1	1
Acidovorax sp. Root217		1	
Acidovorax sp. Root219		1	1
Acidovorax sp. Root267		1	1
Acidovorax sp. Root275		1	1
Acidovorax sp. Root402		1	1
Acidovorax sp. Root568	1	1	1
Acidovorax sp. T1		1	1
Acidovorax valerianellae	1	1	1
Acidovorax wautersii	1	1	1
Acinetobacter baumannii		1	1
Acinetobacter bereziniae	1		1
Acinetobacter guillouiae			1
Acinetobacter gyllenbergii		1	1
Acinetobacter haemolyticus	1		
Acinetobacter indicus			1
Acinetobacter johnsonii		1	1
Acinetobacter junii		1	1
Acinetobacter lwoffii		1	1
Acinetobacter nosocomialis		1	1
Acinetobacter radioresistens			1
Acinetobacter sp. BMW17		1	1
Acinetobacter sp. NIPH 284	1		
Acinetobacter sp. yr461	1	1	1
Acinetobacter ursingii		1	1
Actinoalloteichus hoggarensis	1	1	1
Actinoalloteichus hymeniacidonis		1	
Actinobacteria bacterium IMCC25003		1	1
Actinobacteria bacterium IMCC26256	1	1	1
Actinokineospora bangkokensis	1	1	1
Actinokineospora cianjurensis	1	1	1
Actinokineospora enzanensis	1	1	1
Actinokineospora inagensis	1	1	1
Actinokineospora mzabensis	1	1	1
Actinokineospora terrae	1	1	1
Actinomadura amylolytica	1	1	1
Actinomadura atramentaria	1	1	1
Actinomadura echinospora	1	1	1
Actinomadura flavalba	1	1	1
Actinomadura madurae	1	1	1
Actinomadura meyerae	1	1	1
Actinomadura oligospora	1	1	1
Actinomadura pelletieri	1	1	1
Actinomadura rifamycini	1	1	1
Actinomadura sp. CNU-125	1	1	1
Actinomadura sp. RB29	1	1	1
Actinomadura viridilutea	1	1	1
Actinomyces graevenitzii		1	
Actinomyces sp. HPA0247		1	1
Actinomyces sp. oral taxon 171		1	
Actinomycetospora chiangmaiensis	1	1	1
Actinomycetospora cinnamomea	1	1	1
Actinoplanes atraurantiacus	1	1	1
Actinoplanes derwentensis	1	1	1
Actinoplanes friuliensis	1	1	1
Actinoplanes globisporus	1	1	1
Actinoplanes italicus	1	1	1
Actinoplanes lutulentus	1	1	1
Actinoplanes missouriensis	1	1	1
Actinoplanes regularis	1	1	1
Actinoplanes sp. N902-109	1	1	1
Actinoplanes sp. TFC3	1	1	1
Actinoplanes teichomyceticus	1	1	1
Actinoplanes xinjiangensis	1	1	1
Actinopolymorpha alba	1	1	1
Actinopolymorpha cephalotaxi	1	1	1
Actinopolymorpha singaporensis	1	1	1
Actinopolyspora erythraea	1		1
Actinopolyspora mortivallis	1	1	1
Actinopolyspora xinjiangensis	1	1	1
Actinospica robiniae	1	1	1
Actinosynnema mirum	1	1	1
Actinosynnema pretiosum	1	1	1
Actinotignum timonense		1	1
Aeromicrobium choanae	1	1	1
Aeromicrobium erythreum	1	1	1
Aeromicrobium marinum		1	1
Aeromicrobium massiliense	1	1	1
Aeromicrobium sp. Root344	1	1	1
Aeromicrobium sp. Root472D3	1	1	1
Aeromicrobium sp. Root495	1	1	1
Aeromonas caviae			1
Aeromonas dhakensis	1	1	1
Aeromonas hydrophila	1	1	1
Aeromonas media		1	
Aeromonas salmonicida	1	1	1
Afifella marina	1	1	1
Afifella pfennigii	1	1	1
Afipia birgiae	1	1	1
Afipia broomeae	1	1	1
Afipia clevelandensis	1	1	1
Afipia felis	1	1	1
Afipia sp. GAS231	1	1	1
Agrobacterium genomosp. 5		1	1
Agrobacterium rhizogenes	1	1	1
Agrobacterium sp. MS2			1
Agrobacterium sp. SUL3			1
Agrococcus baldri		1	1
Agrococcus carbonis	1	1	1
Agrococcus jejuensis	1	1	1
Agrococcus lahaulensis	1	1	1
Agromyces flavus	1	1	1
Agromyces sp. Root81		1	
Ahniella affigens	1	1	1
Akkermansia muciniphila	1	1	1
Albidiferax sp. OV413	1	1	1
Albidovulum xiamenense	1	1	1
Albimonas pacifica	1	1	1
Alcaligenes faecalis	1	1	1
Alcanivorax pacificus	1	1	1
Alcanivorax sp. N3-2A	1	1	1
Alicycliphilus denitrificans	1	1	1
Alicyclobacillus acidocaldarius	1	1	1
Alicyclobacillus macrosporangiidus	1	1	1
Alicyclobacillus vulcanalis	1	1	1
Alistipes putredinis	1		
Alkalilimnicola ehrlichii	1	1	1
Alkalispirillum mobile	1	1	1
Alkanindiges illinoisensis			1
Alloactinosynnema album	1	1	1
Alloactinosynnema iranicum	1	1	1
Alloactinosynnema sp. L-07	1	1	1
Allochromatium vinosum	1	1	1
Allochromatium warmingii	1	1	1
Allokutzneria albata	1	1	1
Allokutzneria sp. NRRL B-24872	1	1	1
Allonocardiopsis opalescens	1	1	1
Alloprevotella tannerae		1	
Altererythrobacter dongtanensis	1	1	1
Altererythrobacter mangrovi		1	1
Altererythrobacter marensis		1	1
Altererythrobacter sp. B11		1	
Alteromonadales bacterium BS08		1	1
Aminobacter aminovorans	1	1	1
Aminobacter sp. MSH1	1	1	1
Aminobacter sp. Root100	1	1	1
Aminomonas paucivorans	1		
Ammonifex degensii	1	1	1
Amorphus coralli	1	1	1
Amycolatopsis alba	1	1	1
Amycolatopsis albispora	1	1	1
Amycolatopsis azurea	1	1	1
Amycolatopsis balhimycina	1	1	1
Amycolatopsis benzoatilytica	1	1	1
Amycolatopsis coloradensis	1	1	1
Amycolatopsis halophila	1	1	1
Amycolatopsis kentuckyensis	1	1	1
Amycolatopsis keratiniphila	1	1	1
Amycolatopsis lexingtonensis	1	1	1
Amycolatopsis marina	1	1	1
Amycolatopsis mediterranei	1	1	1
Amycolatopsis methanolica	1	1	1
Amycolatopsis orientalis	1	1	1
Amycolatopsis pretoriensis	1	1	1
Amycolatopsis regifaucium	1	1	1
Amycolatopsis saalfeldensis	1	1	1
Amycolatopsis sp. BJA-103	1	1	1
Amycolatopsis sp. M39	1	1	1
Amycolatopsis taiwanensis	1	1	1
Amycolatopsis thermoflava	1	1	1
Amycolatopsis xylanica	1	1	1
Anaerococcus nagyae			1
Anaerococcus octavius			1
Anaerolinea thermolimosa	1	1	1
Anaerolinea thermophila	1	1	1
Anaeromyxobacter dehalogenans	1	1	1
Anaeromyxobacter sp. Fw109-5	1	1	1
Anaeromyxobacter sp. K	1	1	1
Anaerosalibacter massiliensis	1	1	
Anaerotruncus massiliensis	1	1	1
Anaplasma phagocytophilum		1	1
Andreprevotia chitinilytica	1	1	1
Andreprevotia lacus	1	1	1
Angustibacter sp. Root456	1	1	1
Anoxybacillus flavithermus			1
Aquabacterium olei	1	1	1
Aquamicrobium aerolatum			1
Aquamicrobium defluvii	1	1	1
Aquicella lusitana	1	1	1
Aquimonas voraii	1	1	1
Aquincola tertiaricarbonis	1	1	1
Aquisalimonas asiatica	1	1	1
Aquitalea magnusonii	1	1	1
Archangium gephyra	1	1	1
Arcicella aurantiaca		1	1
Arcobacter suis		1	1
Ardenticatena maritima	1	1	1
Arenimonas caeni	1	1	1
Arenimonas composti	1	1	1
Arhodomonas aquaeolei	1	1	1
Aromatoleum aromaticum	1	1	1
Aromatoleum toluclasticum	1	1	1
Aromatoleum tolulyticum	1	1	1
Arsenicicoccus sp. oral taxon 190	1	1	1
Arthrobacter sp. Leaf234			1
Arthrobacter sp. Soil736	1	1	1
Arthrobacter sp. Soil782		1	
Asanoa hainanensis	1	1	1
Asinibacterium sp. OR43	1	1	1
Asinibacterium sp. OR53	1	1	1
Asticcacaulis biprosthecium	1	1	1
Asticcacaulis taihuensis		1	
Aurantimonas manganoxydans	1	1	1
Auraticoccus monumenti	1	1	1
Aureimonas altamirensis	1	1	1
Aureimonas jatrophae	1	1	1
Aureimonas sp. AU20	1	1	1
Aureimonas sp. Leaf460	1	1	1
Azoarcus communis	1	1	1
Azoarcus olearius	1	1	1
Azoarcus sp. BH72	1	1	1
Azoarcus sp. CIB	1	1	1
Azoarcus sp. DN11	1	1	1
Azoarcus sp. KH32C	1	1	1
Azoarcus sp. SY39	1	1	1
Azohydromonas australica	1	1	1
Azonexus fungiphilus	1	1	1
Azonexus hydrophilus	1	1	1
Azorhizobium caulinodans	1	1	1
Azorhizobium doebereinerae	1	1	1
Azospirillum brasilense	1	1	1
Azospirillum halopraeferens	1	1	1
Azospirillum humicireducens	1	1	1
Azospirillum lipoferum	1	1	1
Azospirillum ramasamyi	1	1	1
Azospirillum sp. B4	1	1	1
Azospirillum sp. B506	1	1	1
Azospirillum sp. TSA6c	1	1	1
Azospirillum sp. TSH58	1	1	1
Azospirillum sp. TSH64	1	1	1
Azospirillum sp. TSO35-2	1	1	1
Azospirillum thiophilum	1	1	1
Azotobacter beijerinckii	1	1	1
Azotobacter chroococcum	1	1	1
Azotobacter vinelandii	1	1	1
Azovibrio restrictus	1	1	1
Bacillus aciditolerans		1	1
Bacillus cereus		1	1
Bacillus paralicheniformis	1	1	1
Bacillus sp. FJAT-14578		1	
Bacillus sp. S1-R5C1-FB		1	1
Bacillus thuringiensis		1	1
bacterium	1	1	1
Bdellovibrio bacteriovorus	1	1	1
Beggiatoa leptomitoformis	1	1	1
Bellilinea caldifistulae	1	1	1
Belnapia moabensis	1	1	1
Belnapia rosea	1	1	1
Belnapia sp. F-4-1	1	1	1
beta proteobacterium CB		1	1
Betaproteobacteria bacterium GR16-43	1	1	1
Beutenbergia cavernae	1	1	1
Bifidobacterium adolescentis	1		
Bifidobacterium longum	1		
Bifidobacterium thermophilum			1
Blastochloris viridis	1	1	1
Blastococcus endophyticus	1	1	1
Blastococcus saxobsidens	1	1	1
Blastococcus sp. DSM 46786	1	1	1
Blastococcus sp. DSM 46838	1	1	1
Blastococcus sp. URHD0036	1	1	1
Blastomonas natatoria	1	1	1
Blastopirellula marina	1	1	1
Bordetella ansorpii	1	1	1
Bordetella bronchialis	1	1	1
Bordetella bronchiseptica	1	1	1
Bordetella flabilis	1	1	1
Bordetella genomosp. 13	1	1	1
Bordetella genomosp. 6	1	1	1
Bordetella genomosp. 8	1	1	1
Bordetella genomosp. 9	1	1	1
Bordetella hinzii	1	1	1
Bordetella holmesii	1	1	1
Bordetella petrii	1	1	1
Bordetella pseudohinzii	1	1	1
Bordetella sp. FB-8	1	1	1
Bordetella sp. H567	1	1	1
Bordetella sp. N	1	1	1
Bordetella trematum	1	1	1
Bosea lathyri	1	1	1
Bosea sp. 1131	1	1	1
Bosea sp. 117	1	1	1
Bosea sp. AS-1	1	1	1
Bosea sp. Leaf344	1	1	1
Bosea sp. OK403	1	1	1
Bosea sp. PAMC 26642	1	1	1
Bosea sp. RAC05	1	1	1
Bosea sp. Root381	1	1	1
Bosea sp. Root483D1	1	1	1
Bosea sp. Root670	1	1	1
Bosea sp. UNC402CLCol	1	1	1
Bosea vaviloviae	1	1	1
Brachybacterium alimentarium	1	1	1
Brachybacterium faecium		1	
Brachybacterium ginsengisoli		1	
Brachybacterium muris		1	1
Brachybacterium sp. HMSC06H03		1	1
Brachymonas denitrificans			1
Bradymonas sediminis	1	1	1
Bradyrhizobiaceae bacterium SG-6C	1	1	1
Bradyrhizobium amphicarpaeae	1	1	1
Bradyrhizobium arachidis	1	1	1
Bradyrhizobium diazoefficiens	1	1	1
Bradyrhizobium elkanii	1	1	1
Bradyrhizobium erythrophlei	1	1	1
Bradyrhizobium forestalis	1	1	1
Bradyrhizobium icense	1	1	1
Bradyrhizobium japonicum	1	1	1
Bradyrhizobium jicamae	1	1	1
Bradyrhizobium lablabi	1	1	1
Bradyrhizobium macuxiense	1	1	1
Bradyrhizobium manausense	1	1	1
Bradyrhizobium neotropicale	1	1	1
Bradyrhizobium nitroreducens	1	1	1
Bradyrhizobium oligotrophicum	1	1	1
Bradyrhizobium ottawaense	1	1	1
Bradyrhizobium pachyrhizi	1	1	1
Bradyrhizobium sacchari	1	1	1
Bradyrhizobium sp.	1	1	1
Bradyrhizobium sp. Ai1a-2	1	1	1
Bradyrhizobium sp. AT1	1	1	1
Bradyrhizobium sp. BTAi1	1	1	1
Bradyrhizobium sp. CCGE-LA001	1		1
Bradyrhizobium sp. cf659	1	1	1
Bradyrhizobium sp. Cp5.3	1	1	1
Bradyrhizobium sp. DOA1	1	1	1
Bradyrhizobium sp. DOA9	1	1	1
Bradyrhizobium sp. Ec3.3	1	1	1
Bradyrhizobium sp. Gha	1	1	1
Bradyrhizobium sp. Ghvi	1	1	1
Bradyrhizobium sp. Leaf396		1	1
Bradyrhizobium sp. LTSP849		1	1
Bradyrhizobium sp. LTSP857	1	1	1
Bradyrhizobium sp. LTSP885	1	1	1
Bradyrhizobium sp. LTSPM299	1	1	1
Bradyrhizobium sp. ORS 278	1	1	1
Bradyrhizobium sp. ORS 285	1	1	1
Bradyrhizobium sp. ORS 3257	1	1	1
Bradyrhizobium sp. ORS 375	1	1	1
Bradyrhizobium sp. R5	1	1	1
Bradyrhizobium sp. Rc2d	1	1	1
Bradyrhizobium sp. Rc3b			1
Bradyrhizobium sp. S23321	1	1	1
Bradyrhizobium sp. SK17	1	1	1
Bradyrhizobium sp. STM 3843	1	1	1
Bradyrhizobium sp. SUTN9-2			1
Bradyrhizobium sp. th.b2	1	1	1
Bradyrhizobium sp. URHA0002	1	1	1
Bradyrhizobium sp. URHA0013	1		1
Bradyrhizobium sp. URHD0069	1	1	1
Bradyrhizobium sp. WSM1253			1
Bradyrhizobium sp. WSM1417			1
Bradyrhizobium sp. WSM1743	1	1	1
Bradyrhizobium sp. WSM2254			1
Bradyrhizobium sp. WSM2793			1
Bradyrhizobium sp. WSM3983	1	1	1
Bradyrhizobium sp. WSM4349	1		1
Bradyrhizobium symbiodeficiens	1	1	1
Bradyrhizobium valentinum	1	1	1
Bradyrhizobium yuanmingense	1	1	1
Brevibacillus thermoruber	1	1	1
Brevibacterium aurantiacum		1	1
Brevibacterium luteolum		1	1
Brevibacterium paucivorans			1
Brevibacterium senegalense		1	1
Brevirhabdus pacifica		1	
Brevundimonas bacteroides	1	1	1
Brevundimonas bullata		1	1
Brevundimonas diminuta	1	1	1
Brevundimonas naejangsanensis	1	1	1
Brevundimonas sp. BAL3	1	1	1
Brevundimonas sp. DS20	1	1	1
Brevundimonas sp. GW460-12-10-14-LB2		1	1
Brevundimonas sp. Leaf168		1	1
Brevundimonas sp. LM2	1	1	1
Brevundimonas sp. Root1423	1	1	1
Brevundimonas subvibrioides	1	1	1
Brevundimonas vesicularis		1	1
Brochothrix thermosphacta		1	
Brucella sp. 09RB8910			1
Brucella sp. B13-0095			1
Burkholderia ambifaria	1	1	1
Burkholderia anthina	1	1	1
Burkholderia cenocepacia	1	1	1
Burkholderia cepacia	1	1	1
Burkholderia contaminans	1	1	1
Burkholderia diffusa		1	1
Burkholderia dolosa		1	
Burkholderia gladioli	1	1	1
Burkholderia glumae	1	1	1
Burkholderia insecticola	1	1	1
Burkholderia lata	1	1	1
Burkholderia latens	1	1	1
Burkholderia metallica	1	1	1
Burkholderia multivorans	1	1	1
Burkholderia oklahomensis	1	1	1
Burkholderia plantarii	1	1	1
Burkholderia pseudomallei	1	1	1
Burkholderia pseudomultivorans	1	1	1
Burkholderia pyrrocinia	1	1	1
Burkholderia seminalis		1	1
Burkholderia sp. A2		1	
Burkholderia sp. BDU6	1	1	1
Burkholderia sp. BDU8	1	1	1
Burkholderia sp. Bp7605	1	1	1
Burkholderia sp. Ch1-1		1	1
Burkholderia sp. HMSC10F09		1	
Burkholderia sp. IDO3	1	1	1
Burkholderia sp. JS23	1	1	1
Burkholderia sp. K24		1	1
Burkholderia sp. KK1	1	1	1
Burkholderia sp. LA-2-3-30-S1-D2		1	1
Burkholderia sp. MSMB0856		1	1
Burkholderia sp. NFACC38-1		1	
Burkholderia sp. NRF60-BP8		1	
Burkholderia sp. OLGA172	1	1	1
Burkholderia sp. RPE67	1	1	1
Burkholderia sp. UYPR1.413	1	1	1
Burkholderia sp. WSM2232	1	1	1
Burkholderia sp. yr520	1	1	1
Burkholderia stabilis	1	1	1
Burkholderia stagnalis	1	1	1
Burkholderia territorii	1	1	1
Burkholderia thailandensis	1	1	1
Burkholderia ubonensis	1	1	1
Burkholderia vietnamiensis	1	1	1
Burkholderiaceae bacterium 16	1	1	1
Burkholderiales bacterium	1	1	1
Burkholderiales bacterium GJ-E10	1	1	1
Burkholderiales bacterium JOSHI_001	1	1	1
Caballeronia cordobensis	1	1	1
Caenimonas sp. SL110	1	1	1
Caenispirillum bisanense	1	1	1
Caldilinea aerophila	1	1	1
Caldimonas manganoxidans	1	1	1
Calidithermus chliarophilus	1	1	1
Calidithermus timidus	1	1	1
Candidatus Accumulibacter phosphatis	1	1	1
Candidatus Babela massiliensis	1	1	1
Candidatus Bipolaricaulis anaerobius	1	1	1
Candidatus Blastococcus massiliensis	1	1	1
Candidatus Competibacter denitrificans	1	1	1
Candidatus Coxiella mudrowiae	1	1	1
Candidatus Dactylopiibacterium carminicum	1	1	1
Candidatus Desulforudis audaxviator	1	1	1
Candidatus Filomicrobium marinum	1	1	1
Candidatus Koribacter versatilis	1	1	1
Candidatus Kryptobacter tengchongensis		1	1
Candidatus Methylopumilus turicensis		1	1
Candidatus Microthrix parvicella	1	1	1
Candidatus Nitrosocaldus islandicus	1	1	1
Candidatus Nitrosomarinus catalina	1	1	1
Candidatus Nitrosopelagicus brevis	1	1	1
Candidatus Nitrosopumilus sediminis	1	1	1
Candidatus Nitrosotenuis aquarius	1	1	1
Candidatus Nitrosotenuis cloacae	1	1	1
Candidatus Nitrospira inopinata	1	1	1
Candidatus Planktophila dulcis		1	1
Candidatus Planktophila lacus		1	1
Candidatus Planktophila sulfonica		1	1
Candidatus Promineofilum breve	1	1	1
Candidatus Rhodobacter lobularis	1	1	1
Candidatus Rhodoluna planktonica		1	
Candidatus Solibacter usitatus	1	1	1
Candidatus Thiodiazotropha endoloripes	1	1	1
Candidatus Thiodictyon syntrophicum	1	1	1
Candidimonas bauzanensis	1	1	1
Cardiobacterium hominis		1	
Castellaniella defragrans	1	1	1
Catalinimonas alkaloidigena	1	1	1
Catelliglobosispora koreensis	1	1	1
Catenulispora acidiphila	1	1	1
Caulobacter flavus	1	1	1
Caulobacter henricii	1	1	1
Caulobacter mirabilis	1	1	1
Caulobacter segnis	1	1	1
Caulobacter sp. FWC26	1	1	1
Caulobacter sp. K31	1	1	1
Caulobacter sp. Root1472	1	1	1
Caulobacter sp. Root487D2Y	1	1	1
Caulobacter sp. Root655	1	1	1
Caulobacter sp. UNC358MFTsu5.1	1	1	1
Caulobacter sp. URHA0033	1	1	1
Caulobacter vibrioides	1	1	1
Caulobacteraceae bacterium OTSz_A_272	1	1	1
Cedecea neteri		1	
Celeribacter indicus	1	1	1
Cellulomonas fimi	1	1	1
Cellulomonas flavigena		1	1
Cellulomonas gilvus	1	1	1
Cellulomonas massiliensis	1	1	1
Cellulomonas sp. A375-1	1	1	1
Cellulomonas sp. KH9	1	1	1
Cellulomonas sp. Leaf395	1	1	1
Cellulomonas sp. PSBB021		1	1
Cellulosimicrobium cellulans	1	1	1
Cellvibrio mixtus	1	1	1
Cellvibrio sp. BR			1
Cellvibrio sp. pealriver		1	1
Cellvibrio sp. PSBB023		1	1
Cereibacter changlensis	1	1	1
Chelativorans sp. BNC1	1	1	1
Chelativorans sp. J32	1	1	1
Chelatococcus asaccharovorans	1	1	1
Chelatococcus sambhunathii	1	1	1
Chelatococcus sp. CO-6	1	1	1
Chitinilyticum litopenaei	1	1	1
Chitinimonas koreensis	1	1	1
Chitinimonas taiwanensis	1	1	1
Chitiniphilus shinanonensis	1	1	1
Chitinophaga arvensicola	1	1	1
Chitinophaga barathri	1	1	1
Chitinophaga eiseniae	1	1	1
Chitinophaga ginsengisoli	1	1	1
Chitinophaga niabensis	1	1	1
Chitinophaga rupis	1	1	1
Chitinophaga sp. CF118	1	1	1
Chitinophaga sp. YR573	1	1	1
Chitinophaga terrae Kim and Jung 2007	1	1	1
Chitinophagaceae bacterium IBVUCB2	1	1	1
Chloracidobacterium thermophilum	1	1	1
Chlorobaculum limnaeum	1	1	1
Chlorobaculum tepidum	1	1	1
Chloroflexus islandicus	1	1	1
Chondromyces crocatus	1	1	1
Christensenella minuta			1
Christensenella sp. Marseille-P3954	1	1	1
Chromatiaceae bacterium 2141T.STBD.0c.01a	1	1	1
Chromobacterium sp. ATCC 53434	1	1	1
Chromobacterium subtsugae	1	1	1
Chromobacterium vaccinii	1	1	1
Chromobacterium violaceum	1	1	1
Chromohalobacter salexigens	1	1	1
Chryseolinea serpens	1	1	1
Chthoniobacter flavus	1	1	1
Chthonomonas calidirosea	1	1	1
Ciceribacter lividus	1	1	1
Citreimonas salinaria	1	1	1
Citrobacter sp. MGH109	1		
Citrobacter werkmanii		1	1
Citromicrobium sp. JL477		1	
Clavibacter michiganensis	1	1	1
Cloacibacterium normanense	1	1	1
Clostridiales bacterium Marseille-P2846	1	1	1
Clostridium botulinum		1	1
Clostridium tetani	1	1	1
Cnuella takakiae	1	1	1
Cobetia marina	1	1	1
Cohnella sp. 6021052837	1	1	1
Cohnella thermotolerans	1	1	1
Collimonas arenae	1	1	1
Collimonas fungivorans	1	1	1
Collimonas pratensis	1	1	1
Collimonas sp. OK242	1	1	1
Collimonas sp. OK307	1	1	1
Comamonadaceae bacterium URHA0028	1	1	1
Comamonas aquatica		1	1
Comamonas composti	1	1	1
Comamonas serinivorans	1	1	1
Comamonas testosteroni	1	1	1
Comamonas thiooxydans		1	1
Conexibacter woesei	1	1	1
Corallococcus coralloides	1	1	1
Corallococcus macrosporus	1	1	1
Corynebacterium aurimucosum		1	1
Corynebacterium diphtheriae	1	1	1
Corynebacterium glutamicum			1
Corynebacterium ihumii		1	1
Corynebacterium jeikeium		1	1
Corynebacterium kroppenstedtii			1
Corynebacterium otitidis		1	1
Corynebacterium pollutisoli			1
Corynebacterium pseudogenitalium		1	1
Corynebacterium sp. HMSC034A01		1	1
Corynebacterium sp. HMSC05H05			1
Corynebacterium ureicelerivorans			1
Corynebacterium xerosis		1	
Coxiella burnetii	1	1	1
Cronobacter dublinensis	1	1	1
Cronobacter malonaticus	1	1	1
Cronobacter turicensis	1	1	1
Cronobacter universalis		1	
Crossiella equi	1	1	1
Cryocola sp. 340MFSha3.1		1	
Cryptosporangium arvum	1	1	1
Cryptosporangium aurantiacum	1	1	1
Cupriavidus alkaliphilus	1	1	1
Cupriavidus basilensis	1	1	1
Cupriavidus gilardii	1	1	1
Cupriavidus metallidurans	1	1	1
Cupriavidus nantongensis	1	1	1
Cupriavidus necator	1	1	1
Cupriavidus oxalaticus	1	1	1
Cupriavidus pauculus	1	1	1
Cupriavidus pinatubonensis	1	1	1
Cupriavidus plantarum	1	1	1
Cupriavidus sp. amp6	1	1	1
Cupriavidus sp. SK-3	1	1	1
Cupriavidus sp. SK-4	1	1	1
Cupriavidus sp. USMAA2-4			1
Cupriavidus sp. YR651	1	1	1
Cupriavidus taiwanensis	1	1	1
Curvibacter gracilis	1	1	1
Curvibacter lanceolatus		1	1
Curvibacter sp. AEP1-3	1	1	1
Curvibacter sp. PAE-UM	1	1	1
Cutibacterium acnes		1	1
Cutibacterium granulosum			1
Cyanobium gracile	1	1	1
Cyanobium sp. NIES-981	1	1	1
Cyanobium sp. PCC 7001	1	1	1
Cystobacter fuscus	1	1	1
Cytophaga aurantiaca		1	
Cytophaga hutchinsonii	1	1	
Dechloromonas agitata	1	1	1
Dechloromonas aromatica	1	1	1
Dechloromonas denitrificans	1	1	1
Dechlorosoma suillum	1	1	1
Defluviimonas alba		1	
Deinococcus actinosclerus	1	1	1
Deinococcus apachensis	1	1	1
Deinococcus ficus	1	1	1
Deinococcus geothermalis	1	1	1
Deinococcus gobiensis	1	1	1
Deinococcus hopiensis	1	1	1
Deinococcus indicus	1	1	1
Deinococcus maricopensis	1	1	1
Deinococcus marmoris			1
Deinococcus peraridilitoris	1	1	1
Deinococcus pimensis	1	1	1
Deinococcus radiodurans	1	1	1
Deinococcus reticulitermitis	1	1	1
Deinococcus sp. Leaf326	1	1	1
Deinococcus sp. NW-56	1	1	1
Deinococcus swuensis	1	1	1
Deinococcus wulumuqiensis		1	
Deinococcus yavapaiensis	1	1	1
Delftia acidovorans	1	1	1
Delftia sp. Cs1-4			1
Delftia sp. HK171			1
Delftia sp. K82			1
Delftia sp. ZNC0008			1
Delftia tsuruhatensis			1
Derxia gummosa	1	1	1
Desulfacinum hydrothermale	1	1	1
Desulfacinum infernum	1	1	1
Desulfarculus baarsii	1	1	1
Desulfatiglans anilini	1	1	1
Desulfatirhabdium butyrativorans	1	1	1
Desulfobulbus elongatus	1	1	1
Desulfocarbo indianensis	1	1	1
Desulfococcus multivorans	1	1	1
Desulfococcus oleovorans	1	1	1
Desulfocurvibacter africanus	1	1	1
Desulfocurvus vexinensis	1	1	1
Desulfoluna spongiiphila	1	1	1
Desulfomicrobium escambiense	1	1	1
Desulfomonile tiedjei	1	1	1
Desulfonatronum lacustre	1	1	1
Desulfovibrio aminophilus	1	1	1
Desulfovibrio desulfuricans	1	1	1
Desulfovibrio gigas	1	1	1
Desulfovibrio legallii		1	
Desulfovibrio longus	1	1	1
Desulfovibrio magneticus	1	1	1
Desulfovibrio mexicanus	1	1	1
Desulfovibrio piger	1	1	1
Desulfovibrio putealis	1	1	1
Desulfovibrio sp. U5L	1	1	1
Desulfovibrio termitidis	1	1	1
Desulfovibrio vulgaris	1	1	1
Desulfovirgula thermocuniculi	1	1	1
Desulfurivibrio alkaliphilus	1	1	1
Desulfuromonas soudanensis	1	1	1
Desulfuromonas sp. DDH964	1	1	1
Desulfuromonas sp. TF	1	1	1
Desulfuromonas thiophila		1	
Devosia enhydra	1	1	1
Devosia sp. 17-2-E-8	1	1	1
Devosia sp. A16	1	1	1
Devosia sp. H5989	1	1	1
Devosia sp. Root105		1	
Devosia sp. Root436	1	1	1
Devosia sp. Root635	1	1	1
Devosia sp. Root685		1	1
Diaphorobacter polyhydroxybutyrativorans		1	1
Dietzia cinnamea		1	
Dietzia psychralcaliphila		1	
Dietzia sp. UCD-THP		1	
Dokdonella immobilis	1	1	1
Dokdonella koreensis	1	1	1
Dolosigranulum pigrum			1
Dongia sp. URHE0060	1	1	1
Duganella sacchari	1	1	1
Duganella sp. CF402	1	1	1
Duganella sp. CF458	1	1	1
Duganella sp. CF517	1	1	1
Duganella sp. Root1480D1	1	1	1
Duganella zoogloeoides	1	1	1
Dyadobacter fermentans	1	1	1
Dyella japonica	1	1	1
Dyella jiangningensis	1	1	1
Dyella marensis	1	1	1
Dyella sp. 333MFSha	1	1	1
Dyella sp. 4G-K06	1	1	1
Dyella sp. 4MSK11	1	1	1
Dyella sp. DHG54	1	1	1
Dyella sp. OK004	1	1	1
Dyella thiooxydans	1	1	1
Ectothiorhodospira haloalkaliphila	1	1	1
Ectothiorhodospira magna	1	1	1
Ectothiorhodospira sp. BSL-9	1	1	1
Edaphobacter aggregans	1	1	1
Edwardsiella piscicida		1	1
Elioraea tepidiphila	1	1	1
Elizabethkingia anophelis		1	1
Embleya scabrispora	1	1	1
endosymbiont of Ridgeia piscesae	1	1	1
endosymbiont of unidentified scaly snail isolate Monju	1	1	1
Enhydrobacter aerosaccus	1	1	1
Ensifer aridi	1	1	1
Ensifer sojae	1	1	1
Ensifer sp. BR816	1	1	1
Ensifer sp. ZNC0028	1	1	1
Enterobacter cloacae		1	1
Enterobacter hormaechei	1	1	1
Enterobacter roggenkampii	1		
Enterococcus cecorum		1	1
Enterococcus faecium	1	1	1
Eoetvoesia caeni			1
Ereboglobus luteus	1	1	1
Erythrobacter litoralis	1	1	1
Erythrobacter sp. HL-111	1	1	1
Erythrobacter sp. SG61-1L		1	
Escherichia coli	1	1	1
Euzebya sp. DY32-46	1	1	1
Extensimonas vulgaris	1	1	1
Faecalibacterium prausnitzii	1		1
Ferrimonas marina	1	1	1
Ferriphaselus amnicola	1		
Ferriphaselus sp. R-1	1	1	1
Fibrella aestuarina	1	1	1
Filimonas lacunae	1	1	1
Fimbriimonas ginsengisoli	1	1	1
Firmicutes bacterium	1		
Fischerella muscicola	1	1	1
Flavisolibacter ginsengisoli	1	1	1
Flavisolibacter tropicus	1	1	1
Flavobacterium aciduliphilum		1	1
Flavobacterium anhuiense		1	1
Flavobacterium aquaticum		1	1
Flavobacterium aquatile		1	1
Flavobacterium aquicola		1	1
Flavobacterium araucananum		1	1
Flavobacterium branchiophilum		1	1
Flavobacterium columnare		1	1
Flavobacterium commune		1	1
Flavobacterium crassostreae		1	1
Flavobacterium cutihirudinis		1	
Flavobacterium daejeonense		1	1
Flavobacterium defluvii		1	1
Flavobacterium degerlachei		1	1
Flavobacterium denitrificans		1	
Flavobacterium faecale		1	1
Flavobacterium filum		1	1
Flavobacterium flevense		1	1
Flavobacterium frigidarium		1	1
Flavobacterium frigoris		1	1
Flavobacterium gelidilacus		1	1
Flavobacterium gilvum		1	1
Flavobacterium glaciei		1	1
Flavobacterium glycines		1	1
Flavobacterium haoranii		1	1
Flavobacterium hercynium		1	1
Flavobacterium hibernum		1	1
Flavobacterium hydatis		1	1
Flavobacterium indicum		1	1
Flavobacterium johnsoniae		1	1
Flavobacterium lacus		1	1
Flavobacterium micromati		1	1
Flavobacterium omnivorum		1	1
Flavobacterium oncorhynchi		1	1
Flavobacterium pectinovorum		1	1
Flavobacterium phragmitis		1	1
Flavobacterium piscis		1	1
Flavobacterium plurextorum		1	1
Flavobacterium psychrophilum		1	1
Flavobacterium reichenbachii		1	1
Flavobacterium sasangense		1	1
Flavobacterium segetis		1	1
Flavobacterium sinopsychrotolerans		1	1
Flavobacterium soli		1	1
Flavobacterium sp. 316		1	1
Flavobacterium sp. Fl		1	1
Flavobacterium sp. Root186		1	1
Flavobacterium sp. Root420		1	1
Flavobacterium sp. Root935		1	1
Flavobacterium sp. URHB0058		1	1
Flavobacterium spartansii		1	1
Flavobacterium succinicans		1	1
Flavobacterium tegetincola		1	1
Flavobacterium terrigena		1	1
Flavobacterium urumqiense		1	1
Flavobacterium xinjiangense		1	1
Flavobacterium xueshanense		1	1
Fontimonas thermophila	1	1	1
Francisellaceae bacterium		1	1
Frankia coriariae	1	1	1
Frankia discariae	1	1	1
Frankia elaeagni	1	1	1
Frankia inefficax	1	1	1
Frankia saprophytica	1	1	1
Frankia sp. DC12	1	1	1
Frankia sp. EAN1pec	1	1	1
Frankia sp. QA3	1	1	1
Frankiales bacterium	1	1	1
Frankineae bacterium MT45	1	1	1
Frateuria aurantia	1	1	1
Frateuria sp. Soil773	1	1	1
Frateuria terrea	1	1	1
Friedmanniella flava	1	1	1
Friedmanniella luteola	1	1	1
Friedmanniella sagamiharensis	1	1	1
Frondihabitans sp. Leaf304		1	1
Fuerstia marisgermanicae	1	1	1
Fulvimonas soli	1	1	1
gamma proteobacterium HdN1			1
gamma proteobacterium HTCC5015	1	1	1
Gammaproteobacteria bacterium 2W06	1	1	1
Gardnerella vaginalis		1	1
Gemella cuniculi		1	
Gemella haemolysans		1	
Geminicoccus roseus	1	1	1
Gemmata obscuriglobus	1	1	1
Gemmata sp. SH-PL17	1	1	1
Gemmatimonas aurantiaca	1	1	1
Gemmatimonas phototrophica	1	1	1
Gemmatirosa kalamazoonesis	1	1	1
Gemmobacter aquatilis		1	
Geoalkalibacter ferrihydriticus	1	1	1
Geoalkalibacter subterraneus	1	1	1
Geobacillus stearothermophilus		1	1
Geobacter bemidjiensis	1	1	1
Geobacter bremensis	1	1	1
Geobacter metallireducens	1	1	1
Geobacter pelophilus	1	1	1
Geobacter pickeringii	1	1	1
Geobacter sp. DSM 9736	1	1	1
Geobacter sp. M18	1	1	1
Geobacter sp. M21	1	1	1
Geobacter sulfurreducens	1	1	1
Geobacter uraniireducens	1	1	1
Geodermatophilaceae bacterium URHA0031	1	1	1
Geodermatophilaceae bacterium URHB0062	1	1	1
Geodermatophilus africanus	1	1	1
Geodermatophilus amargosae	1	1	1
Geodermatophilus nigrescens	1	1	1
Geodermatophilus obscurus	1	1	1
Geodermatophilus ruber	1	1	1
Geodermatophilus sabuli	1	1	1
Geodermatophilus saharensis	1	1	1
Geodermatophilus siccatus	1	1	1
Geodermatophilus sp. DSM 44511	1	1	1
Geodermatophilus telluris	1	1	1
Geodermatophilus tzadiensis	1	1	1
Georgenia satyanarayanai	1	1	1
Geothermobacter sp. HR-1	1	1	1
Geothrix fermentans	1	1	1
Gilliamella bombi		1	
Gloeobacter kilaueensis	1	1	1
Gloeobacter violaceus	1	1	1
Gluconacetobacter diazotrophicus	1	1	1
Glycomyces arizonensis	1	1	1
Glycomyces artemisiae	1	1	1
Glycomyces harbinensis	1	1	1
Glycomyces sambucus	1	1	1
Glycomyces tenuis	1	1	1
Gordonia iterans	1	1	1
Gordonia polyisoprenivorans	1	1	1
Gordonia sp. IITR100			1
Granulibacter bethesdensis	1	1	1
Granulicella mallensis	1	1	1
Granulicella tundricola	1	1	1
Haemophilus parainfluenzae		1	
Hahella chejuensis	1	1	1
Halegenticoccus soli	1	1	1
Haliangium ochraceum	1	1	1
Haliea salexigens	1	1	1
Halioglobus pacificus	1	1	1
Halomonas aestuarii	1	1	1
Halomonas anticariensis	1	1	1
Halomonas beimenensis	1	1	1
Halomonas daqiaonensis	1	1	1
Halomonas daqingensis	1	1	1
Halomonas elongata		1	1
Halomonas gudaonensis	1	1	1
Halomonas halodenitrificans	1	1	1
Halomonas ilicicola	1	1	1
Halomonas korlensis	1	1	1
Halomonas lutea			1
Halomonas massiliensis		1	1
Halomonas muralis	1	1	1
Halomonas pantelleriensis	1	1	1
Halomonas saccharevitans	1	1	1
Halomonas salina		1	1
Halomonas shengliensis	1	1	1
Halomonas sp. 1513	1	1	1
Halomonas sp. A11	1	1	1
Halomonas subglaciescola	1	1	1
Halomonas taeanensis	1	1	1
Halomonas urumqiensis		1	1
Halomonas utahensis	1	1	1
Halomonas ventosae	1	1	1
Halomonas xianhensis	1	1	1
Halorhodospira halophila	1	1	1
Halorussus litoreus		1	1
Halotalea alkalilenta	1	1	1
Halothiobacillus sp. LS2	1	1	1
Hamadaea tsunoensis	1	1	1
Harryflintia acetispora	1	1	1
Hartmannibacter diazotrophicus	1	1	1
Helicobacter bizzozeronii		1	1
Helicobacter felis		1	1
Helicobacter rappini		1	1
Helicobacter salomonis		1	1
Helicobacter suis		1	1
Heliobacterium modesticaldum	1	1	1
Hephaestia caeni	1	1	1
Herbaspirillum hiltneri	1	1	1
Herbaspirillum robiniae	1	1	1
Herbaspirillum seropedicae	1	1	1
Herbaspirillum sp. XFZ15	1	1	1
Herbiconiux ginsengi		1	
Herbidospora cretacea	1	1	1
Herbidospora daliensis	1	1	1
Herbidospora mongoliensis	1	1	1
Herbidospora sakaeratensis	1	1	1
Herbidospora yilanensis	1	1	1
Hoeflea marina	1	1	1
Hoeflea olei	1	1	1
Hoeflea sp. 108	1	1	1
Holophaga foetida	1	1	1
Humitalea rosea	1	1	1
Hwanghaeicola aestuarii	1	1	1
Hydrocarboniphaga daqingensis	1	1	1
Hydrogenibacillus schlegelii	1	1	1
Hydrogenophaga crassostreae		1	1
Hydrogenophaga sp. IBVHS1	1	1	1
Hydrogenophaga sp. IBVHS2	1	1	1
Hydrogenophaga sp. PBC	1	1	1
Hydrogenophaga sp. PML113	1	1	1
Hydrogenophaga sp. RAC07	1	1	1
Hydrogenophaga sp. Root209	1	1	1
Hydrogenophilus thermoluteolus		1	1
Hydrotalea sandarakina			1
Hylemonella gracilis	1	1	1
Hymenobacter aerophilus	1	1	1
Hymenobacter nivis	1	1	1
Hymenobacter psychrophilus	1	1	1
Hymenobacter sedentarius	1	1	1
Hymenobacter sp. APR13	1	1	1
Hymenobacter sp. CRA2	1	1	1
Hymenobacter sp. PAMC 26554	1	1	1
Hymenobacter sp. PAMC 26628	1	1	1
Hyphomicrobium denitrificans	1	1	1
Hyphomicrobium nitrativorans	1	1	1
Hyphomicrobium sp. 99	1	1	1
Hyphomicrobium sp. MC1	1	1	1
Hyphomicrobium sulfonivorans	1	1	1
Hyphomicrobium zavarzinii	1	1	1
Immundisolibacter cernigliae	1	1	1
Inquilinus limosus	1	1	1
Insolitispirillum peregrinum	1	1	1
Intrasporangiaceae bacterium URHB0013	1	1	1
Intrasporangium calvum	1	1	1
Isoptericola variabilis	1	1	1
Isosphaera pallida	1	1	1
Janibacter indicus	1	1	1
Janibacter massiliensis	1	1	1
Janibacter melonis		1	1
Janibacter sp. HTCC2649	1	1	1
Jannaschia rubra	1	1	1
Janthinobacterium agaricidamnosum	1	1	1
Janthinobacterium lividum	1	1	1
Janthinobacterium sp. 1_2014MBL_MicDiv	1	1	1
Janthinobacterium sp. CG3	1	1	1
Janthinobacterium sp. TND4EL3			1
Jeongeupia sp. USM3	1	1	1
Jhaorihella thermophila	1	1	1
Jiangella alba	1	1	1
Jiangella alkaliphila	1	1	1
Jiangella gansuensis	1	1	1
Jiangella muralis	1	1	1
Jiangella sp. DSM 45060	1	1	1
Kaistia adipata	1	1	1
Kaistia soli	1	1	1
Kibdelosporangium aridum	1	1	1
Kibdelosporangium phytohabitans	1	1	1
Kibdelosporangium sp. MJ126-NF4	1	1	1
Kineococcus radiotolerans	1	1	1
Kineosporia sp. R_H_3	1	1	1
Kiritimatiella glycovorans	1	1	1
Kitasatospora cheerisanensis	1	1	1
Kitasatospora setae	1	1	1
Kitasatospora sp. CB01950	1	1	1
Kitasatospora sp. MBT63	1	1	1
Kitasatospora sp. MBT66	1	1	1
Kitasatospora sp. MMS16-BH015	1	1	1
Kitasatospora sp. Root107	1	1	1
Kitasatospora sp. SolWspMP-SS2h	1	1	1
Klebsiella aerogenes		1	
Klebsiella michiganensis		1	1
Klebsiella pneumoniae	1	1	1
Kocuria palustris		1	1
Kocuria sp. CNJ-770		1	
Kocuria sp. UCD-OTCP	1	1	1
Kocuria turfanensis		1	1
Krasilnikoviella flava	1	1	1
Kribbella flavida	1	1	1
Ktedonobacter racemifer	1	1	1
Kushneria aurantia	1	1	1
Kutzneria albida	1	1	1
Kutzneria sp. 744	1	1	1
Kytococcus sedentarius		1	1
Kytococcus sp. CUA-901		1	1
Lactobacillus crispatus			1
Lactobacillus iners			1
Lactobacillus manihotivorans		1	1
Lactobacillus parabuchneri		1	1
Lactococcus lactis		1	1
Lacunisphaera limnophila	1	1	1
Lamprocystis purpurea	1	1	1
Laribacter hongkongensis	1	1	1
Lautropia mirabilis		1	1
Lawsonella clevelandensis			1
Lechevalieria fradiae	1	1	1
Lechevalieria xinjiangensis	1	1	1
Legionella pneumophila	1	1	1
Legionella spiritensis	1	1	1
Leifsonia aquatica		1	1
Leifsonia sp. 21MFCrub1.1		1	1
Leifsonia xyli	1	1	1
Lentzea aerocolonigenes	1	1	1
Lentzea albida	1	1	1
Lentzea flaviverrucosa	1	1	1
Lentzea guizhouensis	1	1	1
Lentzea jiangxiensis	1	1	1
Lentzea kentuckyensis	1	1	1
Lentzea violacea	1	1	1
Lentzea waywayandensis	1	1	1
Leptospira interrogans	1	1	1
Leptothrix cholodnii	1	1	1
Leuconostoc gelidum		1	1
Leuconostoc pseudomesenteroides			1
Levilinea saccharolytica	1	1	1
Limimaricola cinnabarinus	1	1	1
Limimaricola hongkongensis	1	1	1
Limimonas halophila	1	1	1
Limnochorda pilosa	1	1	1
Limnohabitans sp. 103DPR2		1	1
Limnohabitans sp. 63ED37-2	1	1	1
Limnohabitans sp. Rim47	1	1	1
Longilinea arvoryzae	1	1	1
Longispora albida	1	1	1
Luteibacter rhizovicinus	1	1	1
Luteibacter sp. 22Crub2.1	1	1	1
Luteibacter sp. 329MFSha	1	1	1
Luteibacter sp. UNC138MFCol5.1	1	1	1
Luteibacter sp. UNCMF331Sha3.1	1	1	1
Luteibacter sp. UNCMF366Tsu5.1	1	1	1
Luteimonas abyssi	1	1	1
Luteimonas mephitis	1	1	1
Luteimonas sp. 100111	1	1	1
Luteimonas sp. J29	1	1	1
Luteimonas sp. JM171	1	1	1
Luteipulveratus mongoliensis	1	1	1
Luteitalea pratensis	1	1	1
Lysinimicrobium rhizosphaerae	1	1	1
Lysobacter antibioticus	1	1	1
Lysobacter capsici	1	1	1
Lysobacter defluvii	1	1	1
Lysobacter enzymogenes	1	1	1
Lysobacter gummosus	1	1	1
Lysobacter maris	1	1	1
Lysobacter sp. cf310	1	1	1
Lysobacter sp. Root604	1	1	1
Lysobacter sp. Root667	1	1	1
Lysobacter sp. Root690	1	1	1
Lysobacter sp. URHA0019	1	1	1
Lysobacter sp. yr284	1	1	1
Macromonas bipunctata		1	1
Magnetospirillum gryphiswaldense	1	1	1
Magnetospirillum magneticum	1	1	1
Magnetospirillum marisnigri	1	1	1
Magnetospirillum sp. ME-1	1	1	1
Magnetospirillum sp. XM-1	1	1	1
Maricaulis maris	1	1	1
Marichromatium purpuratum	1	1	1
Marinactinospora thermotolerans	1	1	1
Marinithermus hydrothermalis	1	1	1
Marinobacter hydrocarbonoclasticus	1	1	1
Marinobacter pelagius	1	1	1
Marinobacter persicus		1	1
Marinobacterium aestuarii	1	1	1
Marinobacterium rhizophilum	1	1	1
Marinovum algicola	1	1	1
Marmoricola ginsengisoli	1	1	1
Marmoricola scoriae	1	1	1
Marmoricola solisilvae	1	1	1
Marmoricola sp. Leaf446	1	1	1
Marmoricola sp. URHB0036	1	1	1
Martelella mediterranea	1	1	1
Massilia alkalitolerans	1	1	1
Massilia armeniaca	1	1	1
Massilia aurea	1	1	1
Massilia namucuonensis	1	1	1
Massilia niastensis	1	1	1
Massilia oculi	1	1	1
Massilia putida	1	1	1
Massilia sp. BSC265	1	1	1
Massilia sp. CF038	1	1	1
Massilia sp. KIM	1	1	1
Massilia sp. NR 4-1	1	1	1
Massilia sp. PDC64	1	1	1
Massilia sp. Root335	1	1	1
Massilia sp. Root351	1	1	1
Massilia sp. Root418	1	1	1
Massilia sp. WG5	1	1	1
Massilia sp. YMA4	1	1	1
Massilia timonae	1	1	1
Massilia violaceinigra	1	1	1
Massilia yuzhufengensis	1	1	1
Meiothermus ruber	1	1	1
Meiothermus silvanus	1	1	1
Meiothermus taiwanensis	1	1	1
Melaminivora alkalimesophila	1	1	1
Melaminivora sp. SC2-9	1	1	1
Melittangium boletus	1	1	1
Mesorhizobium amorphae	1	1	1
Mesorhizobium australicum	1	1	1
Mesorhizobium ciceri	1	1	1
Mesorhizobium erdmanii	1	1	
Mesorhizobium japonicum	1	1	1
Mesorhizobium loti	1	1	1
Mesorhizobium muleiense	1	1	1
Mesorhizobium oceanicum	1	1	1
Mesorhizobium opportunistum	1	1	1
Mesorhizobium plurifarium	1	1	1
Mesorhizobium prunaredense	1	1	1
Mesorhizobium qingshengii	1	1	1
Mesorhizobium sp. 1M-11	1	1	1
Mesorhizobium sp. ORS 3324	1	1	
Mesorhizobium sp. ORS 3359	1	1	1
Mesorhizobium sp. Root157	1	1	1
Mesorhizobium sp. Root172	1	1	1
Mesorhizobium sp. Root552	1	1	1
Mesorhizobium sp. SOD10	1	1	1
Mesorhizobium sp. URHA0056	1	1	1
Mesorhizobium sp. URHC0008	1	1	1
Mesorhizobium sp. WSM2561	1	1	1
Mesorhizobium sp. WSM3224	1	1	1
Mesorhizobium sp. WSM3626	1	1	1
Metallibacterium scheffleri	1	1	1
Methanosaeta harundinacea	1	1	1
Methanosarcina mazei		1	1
Methylibium petroleiphilum	1	1	1
Methylibium sp. CF059	1	1	1
Methylibium sp. CF468	1	1	1
Methylibium sp. YR605	1	1	1
Methylobacter luteus	1	1	1
Methylobacter tundripaludum	1	1	1
Methylobacterium aquaticum	1	1	1
Methylobacterium brachiatum	1	1	1
Methylobacterium currus	1	1	1
Methylobacterium gossipiicola	1	1	1
Methylobacterium nodulans	1	1	1
Methylobacterium phyllostachyos	1	1	1
Methylobacterium platani	1	1	1
Methylobacterium pseudosasicola	1	1	1
Methylobacterium radiotolerans	1	1	1
Methylobacterium sp. 174MFSha1.1	1	1	1
Methylobacterium sp. 4-46	1	1	1
Methylobacterium sp. 77	1	1	1
Methylobacterium sp. ap11	1	1	1
Methylobacterium sp. B4	1	1	1
Methylobacterium sp. DM1	1	1	1
Methylobacterium sp. Leaf117	1	1	1
Methylobacterium sp. Leaf123		1	1
Methylobacterium sp. Leaf125	1	1	1
Methylobacterium sp. Leaf399	1	1	1
Methylobacterium sp. Leaf86	1	1	1
Methylobacterium sp. Leaf90		1	1
Methylobacterium sp. Leaf93		1	1
Methylobacterium sp. Leaf99	1	1	1
Methylobacterium sp. MB200		1	1
Methylobacterium sp. WSM2598	1	1	1
Methylocaldum marinum	1	1	1
Methylocaldum szegediense	1	1	1
Methylocapsa acidiphila	1	1	1
Methylocapsa aurea	1	1	1
Methyloceanibacter caenitepidi	1	1	1
Methylocella silvestris	1	1	1
Methylococcus capsulatus	1	1	1
Methylocystis bryophila	1	1	1
Methylocystis sp. ATCC 49242	1	1	1
Methylocystis sp. SC2	1	1	1
Methylomicrobium album	1	1	1
Methylomonas sp. LWB	1	1	1
Methylophaga nitratireducenticrescens	1	1	1
Methylophilales bacterium LSUCC0135	1	1	1
Methylophilus methylotrophus		1	
Methylophilus sp. Leaf459		1	1
Methylorubrum extorquens	1	1	1
Methylorubrum populi	1	1	1
Methylosarcina fibrata	1	1	1
Methylosinus sp. LW3	1	1	1
Methylosinus sp. LW4	1	1	1
Methylosinus trichosporium	1	1	1
Methylotenera mobilis	1	1	1
Methylotenera versatilis	1	1	1
Methyloversatilis discipulorum	1	1	1
Methyloversatilis sp. RAC08	1	1	1
Methyloversatilis thermotolerans	1	1	1
Methyloversatilis universalis	1	1	1
Methylovirgula ligni	1	1	1
Methylovulum miyakonense	1	1	1
Microbacterium aurum		1	1
Microbacterium chocolatum		1	
Microbacterium enclense		1	
Microbacterium foliorum		1	1
Microbacterium hominis		1	1
Microbacterium sediminis			1
Microbacterium sp. AISO3		1	1
Microbacterium sp. cf046		1	1
Microbacterium sp. CH1		1	
Microbacterium sp. H6		1	1
Microbacterium sp. Leaf351		1	1
Microbacterium sp. No. 7	1	1	1
Microbacterium sp. oral taxon 186	1	1	1
Microbacterium sp. URHA0036		1	1
Microbacterium testaceum		1	1
Microbispora rosea	1	1	1
Microbispora sp. ATCC PTA-5024	1	1	1
Microbispora sp. GMKU363	1	1	1
Microbulbifer donghaiensis	1	1	1
Microbulbifer marinus	1	1	1
Microbulbifer thermotolerans	1	1	1
Microbulbifer yueqingensis	1	1	1
Micrococcus luteus	1	1	1
Microcystis aeruginosa	1	1	1
Microlunatus phosphovorus	1	1	1
Microlunatus soli	1	1	1
Micromonospora auratinigra	1	1	1
Micromonospora carbonacea	1	1	1
Micromonospora chaiyaphumensis	1	1	1
Micromonospora coriariae	1	1	1
Micromonospora coxensis	1	1	1
Micromonospora echinaurantiaca	1	1	1
Micromonospora echinofusca	1	1	1
Micromonospora echinospora	1	1	1
Micromonospora endolithica	1	1	1
Micromonospora haikouensis	1	1	1
Micromonospora halophytica	1	1	1
Micromonospora humi	1	1	1
Micromonospora inositola	1	1	1
Micromonospora krabiensis	1	1	1
Micromonospora matsumotoense	1	1	1
Micromonospora narathiwatensis	1	1	1
Micromonospora purpureochromogenes	1	1	1
Micromonospora siamensis	1	1	1
Micromonospora sp. ATCC 39149	1	1	1
Micromonospora sp. CB01531	1	1	1
Micromonospora sp. HK10	1	1	1
Micromonospora sp. WMMA2032	1	1	1
Micromonospora tulbaghiae	1	1	1
Micromonospora viridifaciens	1	1	1
Micromonospora zamorensis			1
Micropruina glycogenica	1	1	1
Microterricola viridarii	1	1	1
Microtetraspora fusca	1	1	1
Microtetraspora glauca	1	1	1
Microtetraspora malaysiensis	1	1	1
Microtetraspora niveoalba	1	1	1
Microvirga flocculans	1	1	1
Microvirga guangxiensis	1	1	1
Microvirga lotononidis	1	1	1
Microvirga massiliensis	1	1	1
Microvirga ossetica	1	1	1
Microvirga sp. 17 mud 1-3	1	1	1
Microvirga sp. KLBC 81	1	1	1
Microvirga subterranea	1	1	1
Microvirga vignae	1	1	1
Mitsuaria sp. 7	1	1	1
Mitsuokella multacida	1	1	1
Mizugakiibacter sediminis	1	1	1
Mobilicoccus massiliensis	1	1	1
Modestobacter caceresii	1	1	1
Modestobacter marinus	1	1	1
Modestobacter sp. DSM 44400	1	1	1
Moorella thermoacetica	1	1	1
Moraxella osloensis	1	1	1
Morococcus cerebrosus		1	1
Motilibacter peucedani	1	1	1
Murimonas intestini			1
Murinocardiopsis flavida	1	1	1
Mycobacterium avium	1	1	1
Mycobacterium bohemicum	1	1	1
Mycobacterium chimaera			1
Mycobacterium colombiense	1	1	1
Mycobacterium dioxanotrophicus	1	1	1
Mycobacterium gordonae		1	1
Mycobacterium haemophilum	1	1	1
Mycobacterium kansasii	1	1	1
Mycobacterium leprae	1	1	1
Mycobacterium marinum		1	1
Mycobacterium montefiorense			1
Mycobacterium paragordonae		1	1
Mycobacterium parascrofulaceum			1
Mycobacterium shigaense		1	1
Mycobacterium sp. 360MFTsu5.1		1	
Mycobacterium sp. 4858	1	1	1
Mycobacterium sp. djl-10	1	1	1
Mycobacterium sp. JS623	1	1	1
Mycobacterium sp. M26		1	1
Mycobacterium sp. QGD 101	1	1	1
Mycobacterium sp. Root265		1	1
Mycobacterium sp. Soil538	1	1	1
Mycobacterium sp. UM_NYF	1	1	1
Mycobacterium sp. UM_WWY		1	
Mycobacterium sp. UNC267MFSha1.1M11		1	
Mycobacterium sp. UNC280MFTsu5.1		1	1
Mycobacterium sp. URHB0044	1	1	1
Mycobacterium sp. URHD0025		1	
Mycobacterium triplex			1
Mycobacterium tuberculosis	1	1	1
Mycolicibacter icosiumassiliensis		1	1
Mycolicibacter sinensis	1		
Mycolicibacterium chubuense	1	1	1
Mycolicibacterium gilvum	1	1	1
Mycolicibacterium goodii	1	1	1
Mycolicibacterium hassiacum	1	1	1
Mycolicibacterium houstonense		1	
Mycolicibacterium litorale		1	
Mycolicibacterium phlei	1	1	1
Mycolicibacterium rhodesiae	1	1	1
Mycolicibacterium rutilum	1	1	1
Mycolicibacterium septicum	1	1	
Mycolicibacterium smegmatis	1	1	1
Mycolicibacterium thermoresistibile	1	1	1
Mycolicibacterium tusciae	1	1	1
Mycolicibacterium vaccae	1	1	1
Mycoplana dimorpha	1	1	1
Myxococcus fulvus	1	1	1
Myxococcus hansupus	1	1	1
Myxococcus stipitatus	1	1	1
Myxococcus virescens	1	1	1
Myxococcus xanthus	1	1	1
Nakamurella lactea	1	1	1
Nakamurella multipartita	1	1	1
Nakamurella panacisegetis	1	1	1
Nannocystis exedens	1	1	1
Neisseria meningitidis		1	1
Neisseria sp. HMSC068C04			1
Neorhizobium galegae	1	1	1
Nesterenkonia massiliensis		1	
Nesterenkonia sandarakina		1	
Nevskia soli	1	1	1
Niabella aurantiaca	1	1	1
Niabella drilacis	1	1	1
Niabella ginsenosidivorans	1	1	1
Niabella soli	1	1	1
Niabella yanshanensis	1	1	1
Niastella koreensis	1	1	1
Niastella yeongjuensis	1	1	1
Nisaea denitrificans	1	1	1
Nitratireductor sp. OM-1	1	1	1
Nitriliruptor alkaliphilus	1	1	1
Nitrobacter hamburgensis	1	1	1
Nitrobacter sp. Nb-311A	1	1	1
Nitrobacter vulgaris	1	1	1
Nitrobacter winogradskyi	1	1	1
Nitrococcus mobilis	1	1	1
Nitrosococcus halophilus	1	1	1
Nitrosococcus oceani	1	1	1
Nitrosococcus watsonii		1	1
Nitrosomonas sp. AL212	1	1	1
Nitrosomonas sp. Is79A3	1	1	1
Nitrosomonas ureae	1	1	1
Nitrosopumilus adriaticus	1	1	1
Nitrososphaera viennensis	1	1	1
Nitrosospira briensis	1	1	1
Nitrosospira multiformis	1	1	1
Nitrosospira sp. Nsp13	1	1	1
Nitrosospira sp. Nsp14	1	1	1
Nitrosospira sp. Nsp2	1	1	1
Nitrosovibrio sp. Nv17	1	1	1
Nitrospina gracilis	1	1	1
Nitrospira cf. moscoviensis SBR1015	1	1	1
Nitrospira defluvii	1	1	1
Nitrospira japonica	1	1	1
Nitrospira moscoviensis	1	1	1
Nitrospirillum amazonense	1	1	1
Niveispirillum cyanobacteriorum	1	1	1
Niveispirillum irakense	1	1	1
Nocardia amikacinitolerans	1	1	1
Nocardia brasiliensis	1	1	1
Nocardia cyriacigeorgica	1	1	1
Nocardia farcinica	1	1	1
Nocardia mexicana	1	1	1
Nocardia neocaledoniensis	1	1	1
Nocardia pseudobrasiliensis	1	1	1
Nocardia puris	1	1	1
Nocardia seriolae	1	1	1
Nocardia sp. BMG111209	1	1	1
Nocardia suismassiliense	1	1	1
Nocardia tenerifensis	1	1	1
Nocardia terpenica	1	1	1
Nocardioides alkalitolerans	1	1	1
Nocardioides alpinus	1	1	1
Nocardioides dokdonensis	1	1	1
Nocardioides halotolerans	1	1	1
Nocardioides insulae	1	1	1
Nocardioides lianchengensis	1	1	1
Nocardioides psychrotolerans	1	1	1
Nocardioides sp. CF8	1	1	1
Nocardioides sp. Iso805N	1	1	1
Nocardioides sp. J54	1	1	1
Nocardioides sp. Leaf307	1	1	1
Nocardioides sp. Root122	1	1	1
Nocardioides sp. Root190	1	1	1
Nocardioides sp. Root224	1	1	1
Nocardioides sp. Soil777	1	1	1
Nocardioides sp. Soil805	1	1	1
Nocardioides sp. URHA0020	1	1	1
Nocardioides sp. URHA0032	1	1	1
Nocardioides szechwanensis	1	1	1
Nocardioides terrae	1	1	1
Nocardiopsis alba	1	1	1
Nocardiopsis flavescens	1	1	1
Nocardiopsis gilva	1	1	1
Nocardiopsis sinuspersici	1	1	1
Nocardiopsis sp. CNR-923	1	1	1
Nocardiopsis sp. CNT312	1	1	1
Nocardiopsis sp. L17-MgMaSL7	1	1	1
Nocardiopsis sp. TSRI0078	1	1	1
Nodosilinea nodulosa	1	1	1
Nonomuraea candida	1	1	1
Nonomuraea coxensis	1	1	1
Nonomuraea indica	1	1	1
Nonomuraea jiangxiensis	1	1	1
Nonomuraea maritima	1	1	1
Nonomuraea pusilla	1	1	1
Nonomuraea solani	1	1	1
Nonomuraea sp. ATCC 55076	1	1	1
Nonomuraea sp. SBT364	1	1	1
Nonomuraea wenchangensis	1	1	1
Nostoc linckia	1	1	1
Noviherbaspirillum denitrificans	1	1	1
Noviherbaspirillum humi	1	1	1
Noviherbaspirillum massiliense	1	1	1
Noviherbaspirillum sp. Root189	1	1	1
Novosphingobium aromaticivorans	1	1	1
Novosphingobium fuchskuhlense	1	1	1
Novosphingobium panipatense	1	1	1
Novosphingobium pentaromativorans		1	
Novosphingobium resinovorum	1	1	1
Novosphingobium sp. B 225		1	
Novosphingobium sp. B-7		1	1
Novosphingobium sp. B3058		1	
Novosphingobium sp. FSW06-99		1	
Novosphingobium sp. MBES04	1	1	1
Novosphingobium sp. P6W		1	
Novosphingobium sp. THN1	1	1	1
Oceanicaulis sp. HTCC2633	1	1	1
Oceanicella actignis	1	1	1
Oceanicella sp. SM1341	1	1	1
Oceanicola granulosus	1	1	1
Oceanithermus profundus	1	1	1
Ochrobactrum anthropi			1
Ochrobactrum cytisi			1
Ochrobactrum intermedium		1	1
Ochrobactrum pituitosum			1
Ochrobactrum pseudogrignonense			1
Ochrobactrum quorumnocens			1
Ochrobactrum sp. DDT2			1
Ochrobactrum sp. MYb19			1
Ohtaekwangia koreensis	1	1	1
Oleiagrimonas soli	1	1	1
Oligotropha carboxidovorans	1	1	1
Olsenella provencensis	1	1	
Olsenella sp. SIT9	1	1	
Olsenella timonensis		1	
Opitutaceae bacterium TAV1	1	1	1
Opitutaceae bacterium TAV4		1	1
Opitutaceae bacterium TAV5	1	1	1
Opitutaceae bacterium TSB47	1	1	1
Opitutus sp. GAS368	1	1	1
Opitutus terrae	1	1	1
Ornithinimicrobium pekingense	1	1	1
Ornithinimicrobium sp. CNJ-824	1	1	1
Orrella dioscoreae	1	1	1
Oscillatoria nigro-viridis		1	1
Oscillochloris trichoides	1	1	1
Ottowia oryzae		1	1
Ottowia sp. Marseille-P4747			1
Ottowia thiooxydans		1	
Oxalobacteraceae bacterium AB_14	1	1	1
Paenarthrobacter nicotinovorans		1	1
Paenibacillus ginsengihumi	1	1	1
Paenibacillus mucilaginosus	1	1	1
Paenibacillus pasadenensis	1	1	1
Paenibacillus sp. UNC496MF	1	1	1
Paludibacterium yongneupense	1	1	1
Paludisphaera borealis	1	1	1
Pandoraea apista	1	1	1
Pandoraea faecigallinarum	1	1	1
Pandoraea norimbergensis	1	1	1
Pandoraea oxalativorans	1	1	1
Pandoraea pnomenusa	1	1	1
Pandoraea pulmonicola	1	1	1
Pandoraea sp. B-6		1	
Pandoraea sputorum	1	1	1
Pandoraea thiooxydans	1	1	1
Pandoraea vervacti	1	1	1
Pannonibacter phragmitetus	1	1	1
Pantoea agglomerans		1	1
Parabacteroides merdae		1	
Paraburkholderia aromaticivorans		1	1
Paraburkholderia aspalathi	1	1	1
Paraburkholderia bryophila	1	1	1
Paraburkholderia caballeronis	1	1	1
Paraburkholderia caffeinilytica	1	1	1
Paraburkholderia caribensis	1	1	1
Paraburkholderia diazotrophica	1	1	1
Paraburkholderia dilworthii		1	1
Paraburkholderia eburnea	1	1	1
Paraburkholderia fungorum		1	1
Paraburkholderia hospita	1	1	1
Paraburkholderia kururiensis	1	1	1
Paraburkholderia mimosarum	1	1	1
Paraburkholderia nodosa	1	1	1
Paraburkholderia phenazinium	1	1	1
Paraburkholderia phymatum	1	1	1
Paraburkholderia phytofirmans	1	1	1
Paraburkholderia piptadeniae	1	1	1
Paraburkholderia ribeironis	1	1	1
Paraburkholderia sartisoli	1	1	1
Paraburkholderia silvatlantica	1	1	1
Paraburkholderia sp. BL18I3N2	1	1	1
Paraburkholderia sp. JPY251	1	1	1
Paraburkholderia sp. SOS3	1	1	1
Paraburkholderia sprentiae	1	1	1
Paraburkholderia susongensis	1	1	1
Paraburkholderia tropica	1	1	1
Paraburkholderia tuberum	1	1	1
Paraburkholderia unamae	1	1	1
Paraburkholderia xenovorans	1	1	1
Parachlamydia acanthamoebae	1	1	1
Parachlamydia sp. C2	1	1	1
Paracoccus alcaliphilus			1
Paracoccus aminovorans	1	1	1
Paracoccus contaminans			1
Paracoccus denitrificans	1	1	1
Paracoccus halophilus			1
Paracoccus jeotgali		1	1
Paracoccus pantotrophus	1	1	1
Paracoccus saliphilus		1	1
Paracoccus sp. 228		1	1
Paracoccus tibetensis	1	1	1
Paracoccus versutus			1
Paracoccus yeei	1	1	1
Paracoccus zhejiangensis			1
Pararheinheimera texasensis		1	1
Pararhodospirillum photometricum	1	1	1
Parvibaculum lavamentivorans	1	1	1
Pasteurella multocida		1	
Patulibacter minatonensis	1	1	1
Paucibacter sp. KCTC 42545	1	1	1
Pectobacterium carotovorum	1	1	1
Pediococcus acidilactici		1	1
Pedobacter nutrimenti			1
Pelagibaca abyssi	1	1	1
Pelagibacterium luteolum			1
Pelobacter acetylenicus	1	1	1
Pelobacter propionicus	1	1	1
Pelomonas sp. Root1217	1	1	1
Pelomonas sp. Root1237	1	1	1
Pelomonas sp. Root1444	1	1	1
Pelomonas sp. Root662	1	1	1
Phaeobacter inhibens		1	1
Phaeospirillum fulvum	1	1	1
Phenylobacterium sp. Root700	1	1	1
Phenylobacterium zucineum	1	1	1
Phreatobacter cathodiphilus	1	1	1
Phycicoccus cremeus	1	1	1
Phycicoccus dokdonensis	1	1	1
Phycicoccus sp. Root563	1	1	1
Phycicoccus sp. Soil748	1	1	1
Phycicoccus sp. Soil803	1	1	1
Phycisphaera mikurensis	1	1	1
Phyllobacteriaceae bacterium	1	1	1
Phyllobacterium myrsinacearum		1	1
Phyllobacterium zundukense	1	1	1
Phytobacter ursingii			1
Pimelobacter simplex	1	1	1
Pirellula staleyi	1	1	1
Piscinibacter caeni	1	1	1
Piscirickettsia salmonis	1	1	1
Planctomyces sp. SH-PL14	1	1	1
Planctomyces sp. SH-PL62	1	1	1
Planifilum fimeticola	1	1	1
Planifilum fulgidum	1	1	1
Planobispora rosea	1	1	1
Planococcus citreus		1	
Planococcus sp. MB-3u-03		1	
Plantactinospora sp. BB1	1	1	1
Plantactinospora sp. BC1		1	1
Plantactinospora sp. KBS50	1	1	1
Plasticicumulans acidivorans	1	1	1
Pleomorphomonas koreensis	1	1	1
Pleomorphomonas oryzae	1	1	1
Pluralibacter gergoviae	1	1	1
Polaromonas glacialis	1	1	1
Polaromonas naphthalenivorans	1	1	1
Polaromonas sp. JS666	1	1	1
Polaromonas sp. YR568	1	1	1
Polymorphum gilvum	1	1	1
Polynucleobacter asymbioticus		1	
Polynucleobacter difficilis		1	1
Polynucleobacter duraquae		1	1
Polynucleobacter necessarius	1	1	1
Polynucleobacter sinensis			1
Polynucleobacter wuianus		1	1
Polynucleobacter yangtzensis		1	1
Pontibacter roseus	1	1	1
Pontibacter ummariensis	1	1	1
Porphyrobacter colymbi	1	1	1
Porphyrobacter cryptus		1	
Porphyrobacter neustonensis		1	
Porphyrobacter sp. CACIAM 03H1	1	1	1
Porphyrobacter sp. LM 6		1	
Prauserella marina	1	1	1
Prauserella sp. PE36	1	1	1
Prevotella copri	1	1	1
Prevotella denticola		1	
Prevotella micans		1	
Prevotella timonensis			1
Promicromonospora kroppenstedtii	1	1	1
Propionibacterium acidifaciens		1	
Propionibacterium sp. KPL1844			1
Propionicicella superfundia	1	1	1
Propionivibrio dicarboxylicus	1	1	1
Prosthecobacter debontii		1	1
Prosthecomicrobium hirschii	1	1	1
Providencia rettgeri			1
Pseudacidovorax intermedius	1	1	1
Pseudaminobacter salicylatoxidans	1	1	1
Pseudochrobactrum asaccharolyticum			1
Pseudoclavibacter faecalis		1	
Pseudodesulfovibrio aespoeensis	1	1	1
Pseudodesulfovibrio indicus	1	1	1
Pseudoduganella violaceinigra	1	1	1
Pseudogracilibacillus auburnensis	1	1	1
Pseudogulbenkiania ferrooxidans	1	1	1
Pseudogulbenkiania sp. NH8B	1	1	1
Pseudogulbenkiania subflava	1	1	1
Pseudohaliea rubra	1	1	1
Pseudolabrys sp. Root1462	1	1	1
Pseudolabrys taiwanensis	1	1	1
Pseudomonas aeruginosa	1	1	1
Pseudomonas alcaligenes		1	1
Pseudomonas alcaliphila		1	
Pseudomonas amygdali		1	1
Pseudomonas antarctica			1
Pseudomonas azotifigens	1	1	1
Pseudomonas azotoformans	1	1	1
Pseudomonas balearica	1	1	1
Pseudomonas benzenivorans	1	1	1
Pseudomonas borbori	1	1	1
Pseudomonas canadensis			1
Pseudomonas chlororaphis	1	1	1
Pseudomonas cichorii	1	1	1
Pseudomonas citronellolis	1	1	1
Pseudomonas coronafaciens	1	1	1
Pseudomonas corrugata	1		
Pseudomonas extremaustralis			1
Pseudomonas flavescens	1	1	1
Pseudomonas flexibilis	1	1	1
Pseudomonas fluorescens	1	1	1
Pseudomonas formosensis	1	1	1
Pseudomonas fragi		1	1
Pseudomonas fuscovaginae	1	1	1
Pseudomonas guangdongensis	1	1	1
Pseudomonas guariconensis		1	1
Pseudomonas indica	1	1	1
Pseudomonas jinjuensis	1	1	1
Pseudomonas knackmussii	1	1	1
Pseudomonas kuykendallii	1	1	1
Pseudomonas linyingensis	1	1	1
Pseudomonas marginalis	1		1
Pseudomonas mendocina	1	1	1
Pseudomonas monteilii	1	1	1
Pseudomonas mosselii	1		
Pseudomonas nitroreducens	1	1	1
Pseudomonas oleovorans			1
Pseudomonas oryzae	1	1	1
Pseudomonas panipatensis	1	1	1
Pseudomonas parafulva	1	1	1
Pseudomonas peli		1	
Pseudomonas pharmafabricae	1		
Pseudomonas plecoglossicida	1	1	1
Pseudomonas poae			1
Pseudomonas psychrotolerans	1	1	1
Pseudomonas putida	1	1	1
Pseudomonas resinovorans	1	1	1
Pseudomonas sagittaria	1	1	1
Pseudomonas sp. 21	1	1	1
Pseudomonas sp. 24 E 13		1	1
Pseudomonas sp. ATCC 13867	1	1	1
Pseudomonas sp. BMS12	1		
Pseudomonas sp. EpS/L25	1	1	1
Pseudomonas sp. FDAARGOS_380			1
Pseudomonas sp. HMSC066A08			1
Pseudomonas sp. LFM046	1	1	1
Pseudomonas sp. MYb185	1	1	1
Pseudomonas sp. NC02		1	1
Pseudomonas sp. NS1(2017)			1
Pseudomonas sp. phDV1		1	1
Pseudomonas sp. Root9			1
Pseudomonas sp. S09G 359			1
Pseudomonas sp. TCU-HL1	1	1	1
Pseudomonas sp. TKP			1
Pseudomonas sp. TMW 2.1634		1	1
Pseudomonas stutzeri	1	1	1
Pseudomonas synxantha	1		1
Pseudomonas syringae	1	1	1
Pseudomonas syringae group genomosp. 3	1	1	1
Pseudomonas thermotolerans	1	1	1
Pseudomonas tolaasii	1		1
Pseudomonas veronii	1		
Pseudomonas xanthomarina	1	1	1
Pseudomonas yamanorum		1	1
Pseudonocardia acaciae	1	1	1
Pseudonocardia ammonioxydans	1	1	1
Pseudonocardia asaccharolytica	1	1	1
Pseudonocardia autotrophica		1	
Pseudonocardia dioxanivorans	1	1	1
Pseudonocardia oroxyli	1	1	1
Pseudonocardia sp. AL041005-10		1	
Pseudonocardia sp. CNS-139	1	1	1
Pseudonocardia sp. HH130630-07	1	1	1
Pseudonocardia sp. MH-G8	1	1	1
Pseudonocardia sp. N23	1	1	1
Pseudonocardia spinosispora	1	1	1
Pseudorhodoferax soli	1	1	1
Pseudorhodoferax sp. Leaf274	1	1	1
Pseudorhodoplanes sinuspersici	1	1	1
Pseudoroseicyclus aestuarii	1	1	1
Pseudosporangium ferrugineum	1	1	1
Pseudoxanthobacter soli	1	1	1
Pseudoxanthomonas sp. CF125	1	1	1
Pseudoxanthomonas sp. J31	1	1	1
Pseudoxanthomonas sp. J35	1	1	1
Pseudoxanthomonas sp. Root630	1	1	1
Pseudoxanthomonas sp. Root65	1	1	1
Pseudoxanthomonas spadix	1	1	1
Pseudoxanthomonas suwonensis	1	1	1
Pseudoxanthomonas wuyuanensis	1	1	1
Psychrobacillus sp. FJAT-21963	1	1	1
Psychrobacter sp. SHUES1		1	1
Pulveribacter suum	1	1	1
Pusillimonas noertemannii	1	1	1
Raineyella antarctica	1	1	1
Ralstonia insidiosa	1	1	1
Ralstonia mannitolilytica	1	1	1
Ralstonia pickettii	1	1	1
Ralstonia solanacearum	1	1	1
Ralstonia sp. 25mfcol4.1	1	1	1
Ralstonia sp. MD27		1	1
Ralstonia sp. UNC404CL21Col			1
Ramlibacter tataouinensis	1	1	1
Raoultella ornithinolytica		1	1
Rathayibacter iranicus		1	1
Rathayibacter sp. Leaf296			1
Reyranella massiliensis	1	1	1
Rhizobacter gummiphilus	1	1	1
Rhizobacter sp. OV335	1	1	1
Rhizobacter sp. Root1221	1	1	1
Rhizobacter sp. Root404	1	1	1
Rhizobiales bacterium	1	1	1
Rhizobium etli	1	1	1
Rhizobium gallicum	1	1	1
Rhizobium giardinii			1
Rhizobium jaguaris	1	1	1
Rhizobium leguminosarum	1	1	1
Rhizobium miluonense			1
Rhizobium phaseoli	1	1	1
Rhizobium rhizosphaerae			1
Rhizobium sp. AC27/96			1
Rhizobium sp. ACO-34A			1
Rhizobium sp. CF097	1	1	1
Rhizobium sp. Leaf321		1	
Rhizobium sp. Root1212			1
Rhizobium sp. WW_1			1
Rhizobium sp. YK2		1	1
Rhizobium sp. YS-1r	1	1	1
Rhizobium subbaraonis	1	1	1
Rhizobium sullae	1	1	1
Rhizobium tropici		1	1
Rhizorhabdus dicambivorans	1	1	1
Rhodanobacter denitrificans	1	1	1
Rhodanobacter glycinis	1	1	1
Rhodanobacter sp. OR444	1	1	1
Rhodanobacter sp. OR87	1	1	1
Rhodanobacter sp. OR92	1	1	1
Rhodanobacter sp. Root561	1	1	1
Rhodanobacter sp. Root627	1	1	1
Rhodanobacter sp. Soil772	1	1	1
Rhodobacter capsulatus	1	1	1
Rhodobacter sp. CZR27	1	1	1
Rhodobacter sphaeroides	1	1	1
Rhodobacter vinaykumarii		1	
Rhodobacteraceae bacterium	1	1	1
Rhodobium orientis	1	1	1
Rhodoblastus acidophilus	1	1	1
Rhodoblastus sphagnicola	1	1	1
Rhodococcus erythropolis		1	1
Rhodococcus fascians			1
Rhodococcus hoagii	1	1	1
Rhodococcus opacus	1	1	1
Rhodococcus phenolicus		1	1
Rhodococcus rhodochrous		1	1
Rhodococcus ruber	1	1	1
Rhodococcus sp. UNC363MFTsu5.1	1	1	1
Rhodococcus sp. YH3-3			1
Rhodocyclaceae bacterium Paddy-1	1	1	1
Rhodoferax antarcticus	1	1	1
Rhodoferax ferrireducens	1	1	1
Rhodoferax koreense	1	1	1
Rhodoferax saidenbachensis	1	1	1
Rhodoluna lacicola		1	1
Rhodomicrobium vannielii	1	1	1
Rhodopila globiformis	1	1	1
Rhodoplanes elegans	1	1	1
Rhodoplanes piscinae	1	1	1
Rhodoplanes roseus	1	1	1
Rhodoplanes sp. Z2-YC6860	1	1	1
Rhodopseudomonas faecalis			1
Rhodopseudomonas palustris	1	1	1
Rhodopseudomonas pseudopalustris			1
Rhodopseudomonas sp. B29	1	1	1
Rhodospira trueperi	1	1	1
Rhodospirillaceae bacterium	1	1	1
Rhodospirillales bacterium URHD0017	1	1	1
Rhodospirillales bacterium URHD0088	1	1	1
Rhodospirillum centenum	1	1	1
Rhodospirillum rubrum	1	1	1
Rhodothermaceae bacterium	1	1	1
Rhodothermaceae bacterium RA	1	1	1
Rhodothermus marinus	1	1	1
Rhodothermus profundi	1	1	1
Rhodovibrio salinarum	1	1	1
Rhodovulum sulfidophilum	1	1	1
Roseateles depolymerans	1	1	1
Roseateles sp. YR242	1	1	1
Roseiarcus fermentans	1	1	1
Roseiflexus castenholzii	1	1	1
Roseiflexus sp. RS-1	1	1	1
Roseimicrobium gellanilyticum	1	1	1
Roseivivax marinus	1	1	1
Roseivivax pacificus	1	1	1
Roseivivax roseus	1	1	1
Roseomonas aestuarii	1	1	1
Roseomonas cervicalis	1	1	1
Roseomonas gilardii	1	1	1
Roseomonas rosea	1	1	1
Roseomonas stagni	1	1	1
Roseospirillum parvum	1	1	1
Roseovarius indicus	1	1	1
Roseovarius nanhaiticus	1	1	1
Rothia aeria			1
Rothia mucilaginosa			1
Rubellimicrobium mesophilum	1	1	1
Rubellimicrobium thermophilum	1	1	1
Rubinisphaera brasiliensis	1	1	1
Rubricoccus marinus	1	1	1
Rubritepida flocculans	1	1	1
Rubrivirga marina	1	1	1
Rubrivivax gelatinosus	1	1	1
Rubrobacter aplysinae	1	1	1
Rubrobacter indicoceani	1	1	1
Rubrobacter radiotolerans	1	1	1
Rubrobacter xylanophilus	1	1	1
Rudaea cellulosilytica	1	1	1
Rugamonas rubra	1	1	1
Ruminococcaceae bacterium	1		1
Runella slithyformis			1
Saccharomonospora azurea	1	1	1
Saccharomonospora cyanea	1	1	1
Saccharomonospora glauca	1	1	1
Saccharomonospora halophila	1	1	1
Saccharomonospora marina	1	1	1
Saccharomonospora paurometabolica		1	
Saccharomonospora saliphila	1	1	1
Saccharomonospora sp. LRS4.154	1	1	1
Saccharomonospora xinjiangensis	1	1	1
Saccharopolyspora antimicrobica	1	1	1
Saccharopolyspora erythraea	1	1	1
Saccharopolyspora flava	1	1	1
Saccharopolyspora shandongensis	1	1	1
Saccharopolyspora spinosa	1	1	1
Saccharothrix espanaensis	1	1	1
Saccharothrix sp. CB00851	1	1	1
Sagittula sp. P11	1	1	1
Salinarimonas rosea	1	1	1
Salinibacter ruber	1	1	1
Salinicola acroporae	1	1	1
Salinicola halophilus	1	1	1
Salinicola lusitanus		1	1
Salinicola peritrichatus	1	1	1
Salinicola salarius	1	1	1
Salinicola sp. CPA62	1	1	1
Salinicola sp. CR45	1	1	1
Salinicola tamaricis	1	1	1
Salinispora arenicola	1	1	1
Salinispora pacifica	1	1	1
Salipiger bermudensis	1	1	1
Salipiger mucosus	1	1	1
Salipiger profundus	1	1	1
Salmonella enterica	1	1	1
Sandaracinus amylolyticus	1	1	1
Sanguibacter keddieii		1	
Schlegelella thermodepolymerans	1	1	1
Schlesneria paludicola	1	1	1
Sciscionella marina	1	1	1
Sciscionella sp. SE31	1	1	1
Sedimenticola selenatireducens	1	1	1
Sedimenticola thiotaurini	1	1	1
Sediminibacterium ginsengisoli	1	1	1
Sediminibacterium salmoneum	1	1	1
Sediminibacterium sp. C3		1	1
Segetibacter koreensis		1	1
Selenomonas bovis	1	1	1
Selenomonas ruminantium	1		
Serinicoccus chungangensis	1	1	1
Serinicoccus hydrothermalis	1	1	1
Serpentinomonas mccroryi	1	1	1
Serpentinomonas raichei		1	
Serratia liquefaciens		1	1
Serratia marcescens	1	1	1
Serratia sp. BW106			1
Shewanella decolorationis		1	1
Shigella flexneri		1	1
Shinella sp. GWS1			1
Shinella sp. HZN7	1	1	1
Shinella sp. SUS2			1
Siccationidurans arizonensis	1	1	1
Sideroxydans lithotrophicus	1	1	1
Silanimonas lenta	1	1	1
Silicimonas algicola	1	1	1
Silvibacterium bohemicum	1	1	1
Simkania negevensis	1	1	1
Simplicispira metamorpha		1	1
Simplicispira suum		1	1
Singulisphaera acidiphila	1	1	1
Sinimarinibacterium flocculans	1	1	1
Sinomonas atrocyanea	1	1	1
Sinomonas mesophila	1	1	1
Sinorhizobium americanum	1	1	1
Sinorhizobium fredii	1	1	1
Sinorhizobium medicae	1	1	1
Sinorhizobium meliloti	1	1	1
Sinorhizobium saheli	1	1	1
Sinorhizobium sp. RAC02	1	1	1
Sinosporangium album	1	1	1
Slackia isoflavoniconvertens		1	
Solemya elarraichensis gill symbiont	1	1	1
Solemya velum gill symbiont	1	1	1
Solimonas aquatica	1	1	1
Solimonas flava	1	1	1
Solimonas soli	1	1	1
Solimonas variicoloris	1	1	1
Solirubrobacter pauli	1	1	1
Solirubrobacter soli	1	1	1
Solirubrobacter sp. URHD0082	1	1	1
Solirubrobacterales bacterium URHD0059	1	1	1
Sorangium cellulosum	1	1	1
Sphaerisporangium album	1	1	1
Sphaerobacter thermophilus	1	1	1
Sphaerotilus hippei	1	1	1
Sphaerotilus natans	1	1	1
Sphingobium baderi		1	1
Sphingobium cloacae		1	1
Sphingobium hydrophobicum		1	1
Sphingobium japonicum		1	1
Sphingobium sp. SYK-6	1	1	1
Sphingobium sp. TCM1			1
Sphingobium sp. TKS	1	1	1
Sphingobium sp. Z007			1
Sphingobium yanoikuyae	1	1	1
Sphingomonas aurantiaca		1	
Sphingomonas echinoides	1	1	1
Sphingomonas faeni		1	
Sphingomonas hengshuiensis	1	1	1
Sphingomonas indica	1	1	1
Sphingomonas jaspsi	1	1	1
Sphingomonas koreensis	1	1	1
Sphingomonas melonis	1	1	1
Sphingomonas panacis	1	1	1
Sphingomonas phyllosphaerae	1	1	1
Sphingomonas sanxanigenens	1	1	1
Sphingomonas sp. Ant20		1	1
Sphingomonas sp. Cra20	1	1	1
Sphingomonas sp. FUKUSWIS1			1
Sphingomonas sp. IBVSS2	1	1	1
Sphingomonas sp. JS21-1	1	1	1
Sphingomonas sp. Leaf10			1
Sphingomonas sp. Leaf208			1
Sphingomonas sp. Leaf230			1
Sphingomonas sp. Leaf25	1	1	1
Sphingomonas sp. Leaf28		1	1
Sphingomonas sp. Leaf29		1	1
Sphingomonas sp. Leaf33	1	1	1
Sphingomonas sp. Leaf38			1
Sphingomonas sp. Leaf412	1	1	1
Sphingomonas sp. LK11		1	1
Sphingomonas sp. LM7	1	1	1
Sphingomonas sp. NFR15	1	1	1
Sphingomonas sp. NIC1		1	1
Sphingomonas sp. OV641	1	1	1
Sphingomonas sp. PAMC 26605	1	1	1
Sphingomonas sp. PAMC 26617	1	1	1
Sphingomonas sp. Root241	1	1	1
Sphingomonas sp. Root710	1	1	1
Sphingomonas sp. TDK1	1	1	1
Sphingomonas sp. TZW2008	1	1	1
Sphingomonas sp. URHD0057	1	1	1
Sphingomonas sp. Y57	1	1	1
Sphingomonas taxi	1	1	1
Sphingomonas wittichii	1	1	1
Sphingopyxis alaskensis	1	1	1
Sphingopyxis bauzanensis		1	
Sphingopyxis fribergensis	1	1	1
Sphingopyxis granuli	1	1	1
Sphingopyxis lindanitolerans		1	
Sphingopyxis macrogoltabida	1	1	1
Sphingopyxis sp. 113P3	1	1	1
Sphingopyxis sp. QXT-31	1	1	1
Sphingopyxis sp. Root1497	1	1	1
Sphingopyxis terrae	1	1	1
Sphingosinicella microcystinivorans	1	1	1
Spiribacter curvatus	1	1	1
Spiribacter salinus	1	1	1
Spirochaeta thermophila	1	1	1
Spirosoma panaciterrae			1
Sporichthya polymorpha	1	1	1
Sporocytophaga myxococcoides		1	1
Stackebrandtia nassauensis	1	1	1
Staphylococcus arlettae			1
Staphylococcus aureus		1	1
Staphylococcus capitis		1	1
Staphylococcus cohnii		1	1
Staphylococcus epidermidis			1
Staphylococcus hominis		1	1
Staphylococcus pettenkoferi			1
Staphylococcus warneri		1	1
Stappia indica	1	1	1
Stappia sp. ES.058	1	1	1
Stappia stellulata	1	1	1
Starkeya novella	1	1	1
Stenotrophomonas acidaminiphila	1	1	1
Stenotrophomonas maltophilia	1	1	1
Stenotrophomonas pavanii			1
Stenotrophomonas rhizophila	1	1	1
Stenotrophomonas sp. CC120223-11			1
Stenotrophomonas sp. HMSC10F07			1
Stenotrophomonas sp. Leaf70	1	1	1
Stenotrophomonas sp. LM091			1
Stenotrophomonas sp. SKA14	1		1
Stenotrophomonas sp. WZN-1			1
Steroidobacter denitrificans	1	1	1
Sterolibacterium denitrificans	1	1	1
Stigmatella aurantiaca	1	1	1
Streptacidiphilus albus	1	1	1
Streptacidiphilus anmyonensis	1	1	1
Streptacidiphilus carbonis	1	1	1
Streptacidiphilus griseoplanus	1	1	1
Streptacidiphilus jiangxiensis	1	1	1
Streptacidiphilus melanogenes	1	1	1
Streptacidiphilus neutrinimicus	1	1	1
Streptococcus parasanguinis		1	1
Streptococcus salivarius		1	
Streptococcus sp. 2_1_36FAA		1	
Streptococcus sp. HMSC072D03	1	1	1
Streptococcus thermophilus		1	
Streptomyces abyssalis	1	1	1
Streptomyces acidiscabies	1	1	1
Streptomyces aidingensis	1	1	1
Streptomyces albidoflavus		1	1
Streptomyces albireticuli	1	1	1
Streptomyces alboverticillatus	1	1	1
Streptomyces albulus	1	1	1
Streptomyces albus	1	1	1
Streptomyces alni	1	1	1
Streptomyces angustmyceticus	1	1	1
Streptomyces antibioticus	1	1	1
Streptomyces atratus	1	1	1
Streptomyces atriruber	1	1	1
Streptomyces aurantiacus	1	1	1
Streptomyces aureus	1	1	1
Streptomyces avermitilis	1	1	1
Streptomyces azureus		1	1
Streptomyces barkulensis	1	1	1
Streptomyces bottropensis		1	1
Streptomyces bungoensis	1	1	1
Streptomyces cacaoi	1	1	1
Streptomyces caeruleatus	1	1	1
Streptomyces canus	1	1	1
Streptomyces carpinensis	1	1	1
Streptomyces cattleya	1	1	1
Streptomyces cinnamoneus	1	1	1
Streptomyces clavuligerus	1	1	1
Streptomyces davaonensis	1	1	1
Streptomyces diastaticus		1	1
Streptomyces diastatochromogenes	1	1	1
Streptomyces dioscori	1	1	1
Streptomyces erythrochromogenes		1	
Streptomyces exfoliatus		1	
Streptomyces glaucescens	1	1	1
Streptomyces glauciniger	1	1	1
Streptomyces globosus	1	1	1
Streptomyces graminilatus		1	1
Streptomyces griseorubens		1	1
Streptomyces griseoruber	1	1	1
Streptomyces guanduensis	1	1	1
Streptomyces harbinensis	1	1	1
Streptomyces himastatinicus	1	1	1
Streptomyces hyaluromycini	1	1	1
Streptomyces hygroscopicus	1	1	1
Streptomyces indicus	1	1	1
Streptomyces iranensis	1	1	1
Streptomyces kasugaensis	1	1	1
Streptomyces katrae	1	1	1
Streptomyces kebangsaanensis	1	1	1
Streptomyces lavendulae	1	1	1
Streptomyces lincolnensis	1	1	1
Streptomyces longwoodensis	1	1	1
Streptomyces lunaelactis	1	1	1
Streptomyces lydicus	1	1	1
Streptomyces mirabilis	1	1	1
Streptomyces niveiscabiei	1	1	1
Streptomyces niveus	1	1	1
Streptomyces noursei	1	1	1
Streptomyces oceani	1	1	1
Streptomyces olivoreticuli	1	1	1
Streptomyces pathocidini	1	1	1
Streptomyces paucisporeus	1	1	1
Streptomyces peucetius	1	1	1
Streptomyces phaeochromogenes	1	1	1
Streptomyces pristinaespiralis	1	1	1
Streptomyces puniciscabiei	1	1	1
Streptomyces purpureus	1	1	1
Streptomyces rhizosphaericus	1	1	1
Streptomyces rimosus		1	1
Streptomyces roseus	1	1	1
Streptomyces rubidus	1	1	1
Streptomyces scabiei	1	1	1
Streptomyces silvensis	1	1	1
Streptomyces sp. 150FB	1	1	1
Streptomyces sp. AcH 505	1	1	1
Streptomyces sp. BoleA5	1	1	1
Streptomyces sp. CB00455	1	1	1
Streptomyces sp. CB01580	1	1	1
Streptomyces sp. CB02009		1	
Streptomyces sp. CB02056	1	1	1
Streptomyces sp. CB02366			1
Streptomyces sp. CB02923	1	1	1
Streptomyces sp. CB03238	1	1	1
Streptomyces sp. CB03911	1	1	1
Streptomyces sp. CC53	1	1	1
Streptomyces sp. CdTB01	1	1	1
Streptomyces sp. cf386		1	
Streptomyces sp. CNH099	1	1	1
Streptomyces sp. CNH287	1	1	1
Streptomyces sp. CNT360	1	1	1
Streptomyces sp. E2N171		1	1
Streptomyces sp. E5N298		1	1
Streptomyces sp. E5N91		1	1
Streptomyces sp. HmicA12	1	1	1
Streptomyces sp. ICBB 8177	1	1	1
Streptomyces sp. IMTB 2501	1	1	1
Streptomyces sp. JV178	1	1	1
Streptomyces sp. LaPpAH-199		1	1
Streptomyces sp. MBT76	1	1	1
Streptomyces sp. Mg1		1	1
Streptomyces sp. MP131-18	1	1	1
Streptomyces sp. NBRC 110611	1	1	1
Streptomyces sp. NBS 14/10	1	1	1
Streptomyces sp. NEAU	1	1	1
Streptomyces sp. NRRL F-6676	1	1	1
Streptomyces sp. NRRL S-118	1	1	1
Streptomyces sp. PsTaAH-137	1	1	1
Streptomyces sp. RTd22	1	1	1
Streptomyces sp. RV15	1	1	1
Streptomyces sp. SA15	1	1	1
Streptomyces sp. SBT349	1	1	1
Streptomyces sp. SM1	1	1	1
Streptomyces sp. SPB074		1	1
Streptomyces sp. TLI_053	1	1	1
Streptomyces sp. TP-A0874	1	1	1
Streptomyces sp. TP-A0875	1	1	1
Streptomyces sp. TSRI0281	1	1	1
Streptomyces sp. URHA0041	1	1	1
Streptomyces sp. WM6386		1	
Streptomyces specialis	1	1	1
Streptomyces spongiicola	1	1	1
Streptomyces sulphureus	1	1	1
Streptomyces tateyamensis	1	1	1
Streptomyces thermoautotrophicus	1	1	1
Streptomyces turgidiscabies	1	1	1
Streptomyces venezuelae	1	1	1
Streptomyces vietnamensis	1	1	
Streptomyces violaceusniger	1	1	1
Streptomyces viridochromogenes	1	1	1
Streptomyces viridosporus	1	1	1
Streptomyces vitaminophilus	1	1	1
Streptomyces wuyuanensis	1	1	1
Streptomyces xanthophaeus	1	1	1
Streptomyces xiamenensis	1	1	1
Streptomyces xinghaiensis	1	1	1
Streptomyces yanglinensis	1	1	1
Streptomyces yangpuensis		1	
Streptosporangium canum	1	1	1
Streptosporangium roseum	1	1	1
Streptosporangium subroseum	1	1	1
Sulfuricaulis limicola	1	1	1
Sulfuricella denitrificans	1	1	1
Sulfuricella sp. T08	1	1	1
Sulfuriferula sp. AH1	1	1	1
Sulfurifustis variabilis	1	1	1
Sulfurisoma sediminicola	1	1	1
Sulfuritalea hydrogenivorans	1	1	1
Sutterella parvirubra	1	1	1
Symbiobacterium thermophilum	1	1	1
Synechococcus sp. BO 8801	1	1	1
Synechococcus sp. WH 5701	1	1	1
Syntrophobacter fumaroxidans	1	1	1
Syntrophus gentianae	1	1	1
Taibaiella chishuiensis	1	1	1
Tamilnaduibacter salinus	1	1	1
Tardibacter chloracetimidivorans	1	1	1
Tardiphaga sp. OK245			1
Telmatospirillum siberiense	1	1	1
Tepidimonas taiwanensis	1	1	1
Tepidiphilus margaritifer	1	1	1
Tepidiphilus thermophilus	1	1	1
Teredinibacter turnerae	1	1	1
Terrabacter sp. Soil810	1	1	1
Terracidiphilus gabretensis	1	1	1
Terriglobus roseus	1	1	1
Terriglobus saanensis	1	1	1
Terrimonas ferruginea	1	1	1
Tessaracoccus flavus	1	1	1
Tessaracoccus sp. T2.5-30	1	1	1
Tetrasphaera australiensis	1	1	1
Tetrasphaera elongata		1	1
Tetrasphaera japonica	1	1	1
Tetrasphaera sp. Soil756	1	1	1
Thalassobaculum litoreum	1	1	1
Thalassobaculum salexigens	1	1	1
Thauera aromatica	1	1	1
Thauera chlorobenzoica	1	1	1
Thauera humireducens	1	1	1
Thauera linaloolentis	1	1	1
Thauera sp. K11	1	1	1
Thauera sp. MZ1T	1	1	1
Thaumarchaeota archaeon SCGC AC-337_F14	1	1	1
Thermacetogenium phaeum	1	1	1
Thermaerobacter marianensis	1	1	1
Thermaerobacter subterraneus	1	1	1
Thermithiobacillus tepidarius	1	1	1
Thermoactinospora rubra	1	1	1
Thermoanaerobaculum aquaticum	1	1	1
Thermobacillus composti	1	1	1
Thermobifida cellulosilytica	1	1	1
Thermobifida fusca	1	1	1
Thermobifida halotolerans	1	1	1
Thermobispora bispora	1	1	1
Thermocrispum agreste	1	1	1
Thermocrispum municipale	1	1	1
Thermoflexus hugenholtzii	1	1	1
Thermogutta terrifontis	1	1	1
Thermoleophilum album	1	1	1
Thermomicrobium roseum	1	1	1
Thermomonas fusca	1	1	1
Thermomonas haemolytica	1	1	1
Thermomonas hydrothermalis	1	1	1
Thermomonospora curvata	1	1	1
Thermopetrobacter sp. TC1	1	1	1
Thermus aquaticus	1	1	1
Thermus brockianus		1	1
Thermus islandicus	1	1	1
Thermus oshimai	1	1	1
Thermus scotoductus			1
Thermus sp. CCB_US3_UF1	1	1	1
Thermus thermophilus	1	1	1
Thioalbus denitrificans	1	1	1
Thioalkalivibrio denitrificans	1	1	1
Thioalkalivibrio nitratireducens	1	1	1
Thioalkalivibrio paradoxus	1	1	1
Thioalkalivibrio sp. AKL11	1	1	1
Thioalkalivibrio sp. ALJ1	1	1	1
Thioalkalivibrio sp. ALJ16	1	1	1
Thioalkalivibrio sp. ALJ24	1	1	1
Thioalkalivibrio sp. ALJ6	1	1	1
Thioalkalivibrio sp. ALJT	1	1	1
Thioalkalivibrio sp. ALMg11	1	1	1
Thioalkalivibrio sp. ALSr1	1	1	1
Thioalkalivibrio sulfidiphilus	1	1	1
Thioalkalivibrio thiocyanodenitrificans	1	1	1
Thiobacillus denitrificans	1	1	1
Thiobacillus thioparus	1	1	1
Thiocapsa sp. KS1	1	1	1
Thiocystis violascens	1	1	1
Thioflavicoccus mobilis	1	1	1
Thiohalobacter thiocyanaticus	1	1	1
Thiohalomonas denitrificans	1	1	1
Thiohalospira halophila	1	1	1
Thiolapillus brandeum	1	1	1
Thiomonas bhubaneswarensis	1	1	1
Thiomonas delicata	1	1	1
Thiomonas intermedia	1	1	1
Thiomonas sp. FB-6	1	1	1
Thiomonas sp. X19	1	1	1
Thiorhodovibrio sp. 970	1	1	1
Thiothrix eikelboomii	1	1	1
Thiotrichales bacterium HS_08	1	1	1
Tistlia consotensis	1	1	1
Tistrella mobilis	1	1	1
Tolypothrix campylonemoides	1	1	1
Tranquillimonas alkanivorans	1	1	1
Treponema primitia		1	1
Trinickia caryophylli	1	1	1
Trinickia symbiotica	1	1	1
Truepera radiovictrix	1	1	1
Tsukamurella tyrosinosolvens	1	1	1
Tumebacillus avium	1	1	1
Umezawaea tangerina	1	1	1
Undibacterium pigrum		1	1
Variibacter gotjawalensis	1	1	1
Variovorax boronicumulans	1	1	1
Variovorax paradoxus	1	1	1
Variovorax sp. 770b2	1	1	1
Variovorax sp. CF079	1	1	1
Variovorax sp. EL159	1	1	1
Variovorax sp. HW608	1	1	1
Variovorax sp. OK605	1	1	1
Variovorax sp. PAMC 28711	1	1	1
Variovorax sp. PMC12			1
Variovorax sp. Root318D1	1	1	1
Variovorax sp. Root411	1	1	1
Variovorax sp. Root434	1	1	1
Variovorax sp. Root473	1	1	1
Variovorax sp. URHB0020	1	1	1
Variovorax sp. WDL1	1	1	1
Variovorax sp. YR266	1	1	1
Variovorax sp. YR750	1	1	1
Veillonella dispar		1	1
Veillonella parvula		1	
Verminephrobacter eiseniae	1	1	1
Verrucomicrobia bacterium	1	1	1
Verrucomicrobia bacterium IMCC26134	1	1	1
Verrucomicrobium sp. GAS474	1	1	1
Verrucomicrobium spinosum	1	1	1
Verrucosispora maris	1	1	1
Verrucosispora sediminis	1	1	1
Vibrio agarivorans	1	1	1
Vibrio campbellii	1	1	1
Vibrio cyclitrophicus		1	1
Vibrio fortis		1	1
Vibrio metoecus		1	1
Vibrio owensii	1	1	1
Vibrio parahaemolyticus		1	1
Vibrio rotiferianus		1	1
Vibrio sp. S234-5		1	1
Vibrio vulnificus		1	1
Victivallales bacterium CCUG 44730	1	1	1
Victivallis vadensis	1	1	1
Vitreoscilla filiformis		1	
Vogesella indigofera	1	1	1
Vogesella sp. LIG4	1	1	1
Vulgatibacter incomptus	1	1	1
Weissella viridescens		1	1
Wenxinia marina	1	1	1
Wenzhouxiangella marina	1	1	1
Williamsia marianensis		1	1
Woeseia oceani	1	1	1
Xanthobacter autotrophicus	1	1	1
Xanthomonadaceae bacterium	1	1	1
Xanthomonas albilineans	1	1	1
Xanthomonas arboricola	1	1	1
Xanthomonas campestris	1	1	1
Xanthomonas cassavae	1	1	1
Xanthomonas citri	1	1	1
Xanthomonas cucurbitae	1	1	1
Xanthomonas fragariae	1	1	1
Xanthomonas hortorum	1	1	1
Xanthomonas oryzae	1	1	1
Xanthomonas phaseoli	1	1	1
Xanthomonas sacchari	1	1	1
Xanthomonas sp. Mitacek01	1	1	1
Xanthomonas translucens	1	1	1
Xanthomonas vasicola	1	1	1
Xenophilus azovorans	1	1	1
Xiangella phaseoli	1	1	1
Xylanimonas cellulosilytica		1	1
Xylophilus ampelinus	1	1	1
Xylophilus sp. Leaf220	1	1	1
Yangia pacifica	1	1	1
Yersinia wautersii			1
Yuhushiella deserti	1	1	1
Zavarzinella formosa	1	1	1
Zobellella denitrificans	1	1	1
