#Datasets	SRR11176627.unmapped	SRR11176628.unmapped	SRR11176629.unmapped	SRR11176630.unmapped	SRR11176631.unmapped	SRR11176632.unmapped	SRR11176633.unmapped	SRR11176634.unmapped	SRR11176635.unmapped	SRR11176636.unmapped	SRR11176637.unmapped	SRR11176638.unmapped	SRR11176639.unmapped	SRR11176640.unmapped	SRR11176641.unmapped	SRR11176642.unmapped	SRR11176643.unmapped
"Candidatus Solibacter usitatus"	0.0	0.0	0.0	0.0	424.0	0.0	0.0	0.0	0.0	0.0	0.0	0.0	0.0	0.0	0.0	0.0	0.0
"Luteitalea pratensis"	0.0	0.0	0.0	0.0	2147.0	0.0	0.0	0.0	0.0	0.0	0.0	0.0	0.0	0.0	0.0	0.0	0.0
"Endomicrobium proavitum"	0.0	0.0	0.0	0.0	0.0	0.0	0.0	0.0	0.0	0.0	0.0	0.0	0.0	0.0	960.0	0.0	0.0
"Bacteroides heparinolyticus"	0.0	0.0	0.0	1395.0	0.0	0.0	0.0	0.0	0.0	0.0	0.0	0.0	0.0	0.0	0.0	0.0	0.0
"Bacteroides pyogenes"	0.0	0.0	0.0	0.0	0.0	2998.0	0.0	0.0	0.0	0.0	0.0	366.0	0.0	0.0	0.0	0.0	0.0
"Bacteroides zoogleoformans"	0.0	0.0	0.0	0.0	0.0	346.0	0.0	0.0	0.0	0.0	0.0	0.0	0.0	0.0	0.0	0.0	0.0
"Phocaeicola abscessus"	77726.0	26220.0	5504.0	51289.0	0.0	354.0	404.0	4995.0	33538.0	30103.0	0.0	4636.0	12243.0	32023.0	83375.0	3123.0	0.0
"Petrimonas mucosa"	0.0	0.0	0.0	0.0	0.0	1385.0	0.0	0.0	0.0	0.0	0.0	0.0	0.0	0.0	0.0	0.0	0.0
"Proteiniphilum saccharofermentans"	0.0	0.0	0.0	0.0	0.0	377.0	0.0	0.0	0.0	0.0	0.0	0.0	0.0	0.0	0.0	0.0	0.0
"Porphyromonas catoniae"	0.0	4117.0	0.0	0.0	0.0	0.0	0.0	0.0	0.0	0.0	0.0	0.0	0.0	0.0	0.0	2432.0	0.0
"Porphyromonas gingivalis"	8663.0	0.0	19919.0	2844.0	0.0	8184.0	338.0	2252.0	1917.0	7766.0	0.0	7200.0	2688.0	3694.0	1229.0	4527.0	0.0
"Porphyromonas loveana"	0.0	0.0	0.0	0.0	0.0	470.0	0.0	0.0	0.0	0.0	0.0	0.0	0.0	0.0	0.0	0.0	0.0
"Porphyromonas sp. KLE 1280"	0.0	3384.0	0.0	0.0	0.0	0.0	0.0	0.0	0.0	0.0	0.0	0.0	0.0	0.0	0.0	0.0	0.0
"Porphyromonas sp. oral taxon 278"	0.0	1314.0	0.0	0.0	0.0	0.0	0.0	0.0	0.0	0.0	0.0	0.0	0.0	0.0	0.0	1840.0	0.0
"Porphyromonadaceae bacterium KH3R12"	0.0	0.0	0.0	0.0	0.0	382.0	0.0	0.0	0.0	0.0	0.0	0.0	0.0	0.0	0.0	0.0	0.0
"Prevotella conceptionensis"	0.0	0.0	0.0	0.0	0.0	0.0	0.0	0.0	0.0	0.0	0.0	0.0	0.0	0.0	0.0	877.0	0.0
"Prevotella intermedia"	0.0	0.0	0.0	0.0	0.0	0.0	0.0	0.0	0.0	0.0	0.0	0.0	0.0	0.0	0.0	1609.0	0.0
"Prevotella loescheii"	0.0	6245.0	0.0	0.0	0.0	0.0	0.0	0.0	0.0	0.0	0.0	0.0	1108.0	2339.0	0.0	9681.0	0.0
"Prevotella maculosa"	0.0	0.0	0.0	0.0	0.0	0.0	0.0	0.0	0.0	0.0	0.0	0.0	1505.0	1717.0	439.0	0.0	0.0
"Prevotella saccharolytica"	0.0	0.0	0.0	0.0	0.0	0.0	0.0	0.0	0.0	0.0	0.0	0.0	2835.0	7003.0	855.0	4595.0	0.0
"Prevotella sp. HMSC073D09"	0.0	0.0	0.0	0.0	0.0	0.0	0.0	0.0	0.0	0.0	0.0	0.0	0.0	0.0	0.0	895.0	0.0
"Prevotella sp. oral taxon 317"	0.0	0.0	0.0	0.0	0.0	0.0	0.0	0.0	0.0	0.0	0.0	0.0	0.0	0.0	0.0	1333.0	0.0
"Prevotella sp. oral taxon 472"	0.0	5622.0	0.0	0.0	0.0	0.0	0.0	0.0	0.0	0.0	0.0	0.0	1039.0	1980.0	0.0	9376.0	0.0
"Tannerella forsythia"	51929.0	23243.0	53447.0	51940.0	565.0	35671.0	1954.0	5400.0	23099.0	38197.0	0.0	19072.0	45017.0	61049.0	30189.0	40672.0	0.0
"Tannerella sp. oral taxon HOT-286"	0.0	19424.0	0.0	0.0	0.0	0.0	634.0	566.0	0.0	0.0	0.0	0.0	11477.0	31086.0	2367.0	24158.0	0.0
"Asinibacterium sp. OR43"	0.0	0.0	0.0	0.0	533.0	0.0	0.0	0.0	0.0	0.0	0.0	0.0	0.0	0.0	0.0	0.0	0.0
"Asinibacterium sp. OR53"	0.0	0.0	0.0	0.0	894.0	0.0	0.0	0.0	0.0	0.0	0.0	0.0	0.0	0.0	0.0	0.0	0.0
"Chitinophaga niabensis"	0.0	0.0	0.0	0.0	467.0	0.0	0.0	0.0	0.0	0.0	0.0	0.0	0.0	0.0	0.0	0.0	0.0
"Flavisolibacter ginsengisoli"	0.0	0.0	0.0	0.0	415.0	0.0	0.0	0.0	0.0	0.0	0.0	0.0	0.0	0.0	0.0	0.0	0.0
"Niastella koreensis"	0.0	0.0	0.0	0.0	961.0	0.0	0.0	0.0	0.0	0.0	0.0	0.0	0.0	0.0	0.0	0.0	0.0
"Niastella yeongjuensis"	0.0	0.0	0.0	0.0	446.0	0.0	0.0	0.0	0.0	0.0	0.0	0.0	0.0	0.0	0.0	0.0	0.0
"Sediminibacterium ginsengisoli"	0.0	0.0	0.0	0.0	511.0	0.0	0.0	0.0	0.0	0.0	0.0	0.0	0.0	0.0	0.0	0.0	0.0
"Chitinophagaceae bacterium IBVUCB2"	0.0	0.0	0.0	0.0	549.0	0.0	0.0	0.0	0.0	0.0	0.0	0.0	0.0	0.0	0.0	0.0	0.0
"Spirosoma spitsbergense"	0.0	0.0	0.0	0.0	545.0	0.0	0.0	0.0	0.0	0.0	0.0	0.0	0.0	0.0	0.0	0.0	0.0
"Hymenobacter sp. PAMC 26554"	0.0	0.0	0.0	0.0	389.0	0.0	0.0	0.0	0.0	0.0	0.0	0.0	0.0	0.0	0.0	0.0	0.0
"Capnocytophaga gingivalis"	0.0	15539.0	0.0	0.0	0.0	0.0	0.0	0.0	0.0	0.0	0.0	0.0	0.0	1424.0	0.0	4623.0	0.0
"Capnocytophaga granulosa"	0.0	7241.0	0.0	0.0	0.0	0.0	0.0	0.0	0.0	0.0	0.0	0.0	4438.0	2203.0	0.0	8379.0	0.0
"Capnocytophaga leadbetteri"	0.0	4559.0	0.0	0.0	0.0	0.0	0.0	0.0	0.0	0.0	0.0	0.0	0.0	0.0	0.0	3420.0	0.0
"Capnocytophaga ochracea"	0.0	1411.0	0.0	0.0	0.0	0.0	0.0	0.0	0.0	0.0	0.0	0.0	1716.0	3051.0	0.0	3232.0	0.0
"Capnocytophaga sputigena"	0.0	28484.0	0.0	0.0	0.0	0.0	0.0	0.0	0.0	0.0	0.0	0.0	0.0	3657.0	0.0	5674.0	0.0
"Capnocytophaga sp. ChDC OS43"	0.0	1452.0	0.0	0.0	0.0	0.0	0.0	0.0	0.0	0.0	0.0	0.0	0.0	0.0	0.0	1177.0	0.0
"Capnocytophaga sp. oral taxon 326"	0.0	1612.0	0.0	0.0	0.0	0.0	0.0	0.0	0.0	0.0	0.0	0.0	1250.0	2448.0	0.0	1511.0	0.0
"Capnocytophaga sp. oral taxon 329"	0.0	1897.0	0.0	0.0	0.0	0.0	0.0	0.0	0.0	0.0	0.0	0.0	0.0	0.0	0.0	1288.0	0.0
"Capnocytophaga sp. oral taxon 332"	0.0	951.0	0.0	0.0	0.0	0.0	0.0	0.0	0.0	0.0	0.0	0.0	0.0	0.0	0.0	1718.0	0.0
"Capnocytophaga sp. oral taxon 336"	0.0	0.0	0.0	0.0	0.0	0.0	0.0	0.0	0.0	0.0	0.0	0.0	0.0	0.0	0.0	604.0	0.0
"Capnocytophaga sp. oral taxon 338"	0.0	1014.0	0.0	0.0	0.0	0.0	0.0	0.0	0.0	0.0	0.0	0.0	0.0	0.0	0.0	600.0	0.0
"Capnocytophaga sp. oral taxon 380"	0.0	0.0	0.0	0.0	0.0	0.0	0.0	0.0	0.0	0.0	0.0	0.0	0.0	0.0	0.0	821.0	0.0
"Capnocytophaga sp. oral taxon 863"	0.0	2124.0	0.0	0.0	0.0	0.0	0.0	0.0	0.0	0.0	0.0	0.0	0.0	0.0	0.0	3048.0	0.0
"Capnocytophaga sp. oral taxon 878"	0.0	3207.0	0.0	0.0	0.0	0.0	0.0	0.0	0.0	0.0	0.0	0.0	0.0	0.0	0.0	6646.0	0.0
"Flavobacterium commune"	0.0	0.0	0.0	0.0	2002.0	0.0	0.0	0.0	0.0	0.0	0.0	0.0	0.0	0.0	0.0	0.0	0.0
"Flavobacterium johnsoniae"	0.0	0.0	0.0	0.0	599.0	0.0	0.0	0.0	0.0	0.0	0.0	0.0	0.0	0.0	0.0	0.0	0.0
"Flavobacterium sinopsychrotolerans"	0.0	806.0	0.0	0.0	407.0	0.0	0.0	0.0	0.0	0.0	0.0	0.0	0.0	0.0	0.0	0.0	0.0
"Flavobacterium xinjiangense"	0.0	0.0	0.0	0.0	471.0	0.0	0.0	0.0	0.0	0.0	0.0	0.0	0.0	0.0	0.0	0.0	0.0
"Cloacibacterium normanense"	0.0	0.0	0.0	0.0	1952.0	0.0	0.0	0.0	0.0	0.0	3115.0	0.0	0.0	0.0	0.0	0.0	0.0
"Pedobacter sp. V48"	0.0	0.0	0.0	0.0	938.0	0.0	0.0	0.0	0.0	0.0	171.0	0.0	0.0	0.0	0.0	0.0	647.0
"Sphingobacterium detergens"	0.0	0.0	0.0	0.0	1168.0	0.0	0.0	0.0	0.0	0.0	0.0	0.0	0.0	0.0	0.0	0.0	0.0
"Sphingobacterium mizutaii"	0.0	0.0	0.0	0.0	1980.0	0.0	0.0	0.0	0.0	0.0	0.0	0.0	0.0	0.0	0.0	0.0	0.0
"Sphingobacterium siyangense"	0.0	0.0	0.0	0.0	546.0	0.0	0.0	0.0	0.0	0.0	0.0	0.0	0.0	0.0	0.0	0.0	0.0
"Sphingobacterium spiritivorum"	0.0	0.0	0.0	0.0	0.0	0.0	0.0	0.0	0.0	0.0	512.0	0.0	0.0	0.0	0.0	0.0	0.0
"Sphingobacterium sp. B29"	0.0	0.0	0.0	0.0	690.0	0.0	0.0	0.0	0.0	0.0	0.0	0.0	0.0	0.0	0.0	0.0	0.0
"Sphingobacterium sp. G1-14"	0.0	0.0	0.0	0.0	761.0	0.0	0.0	0.0	0.0	0.0	0.0	0.0	0.0	0.0	0.0	0.0	0.0
"Sphingobacterium sp. HMSC13C05"	0.0	0.0	0.0	0.0	1090.0	0.0	0.0	0.0	0.0	0.0	0.0	0.0	0.0	0.0	0.0	0.0	0.0
"Sphingobacterium sp. PM2-P1-29"	0.0	0.0	0.0	0.0	1095.0	0.0	0.0	0.0	0.0	0.0	0.0	0.0	0.0	0.0	0.0	0.0	0.0
"Bacteroidetes oral taxon 274"	3718.0	8718.0	6470.0	1899.0	548.0	10162.0	1321.0	5308.0	4639.0	4008.0	0.0	1028.0	48480.0	127491.0	3288.0	75705.0	0.0
"Candidatus Kryptobacter tengchongensis"	1609.0	0.0	1033.0	713.0	0.0	0.0	585.0	0.0	0.0	0.0	95.0	0.0	1119.0	3415.0	672.0	3229.0	95.0
"Candidatus Kryptonium thompsoni"	138948.0	39754.0	82495.0	65829.0	33072.0	27298.0	436920.0	33625.0	72814.0	72725.0	30661.0	31588.0	53932.0	108504.0	25447.0	130584.0	5296.0
"Gemmatirosa kalamazoonesis"	0.0	0.0	0.0	0.0	872.0	0.0	0.0	0.0	0.0	0.0	0.0	0.0	0.0	0.0	0.0	0.0	0.0
"Fusobacterium equinum"	0.0	0.0	0.0	0.0	0.0	0.0	0.0	0.0	0.0	0.0	0.0	0.0	0.0	0.0	664.0	0.0	0.0
"Fusobacterium hwasookii"	0.0	4476.0	0.0	0.0	0.0	0.0	0.0	0.0	0.0	0.0	0.0	0.0	0.0	0.0	0.0	2464.0	0.0
"Fusobacterium naviforme"	0.0	0.0	0.0	0.0	0.0	488.0	0.0	0.0	0.0	0.0	0.0	0.0	1712.0	0.0	0.0	0.0	0.0
"Fusobacterium necrophorum"	9731.0	0.0	1549.0	2820.0	0.0	338.0	0.0	0.0	1277.0	1638.0	0.0	2679.0	3035.0	2733.0	888.0	0.0	0.0
"Fusobacterium nucleatum"	5569.0	3213.0	29958.0	2843.0	0.0	695.0	0.0	0.0	2361.0	1811.0	0.0	3129.0	4825.0	6464.0	0.0	6395.0	0.0
"Fusobacterium periodonticum"	0.0	1015.0	0.0	0.0	0.0	0.0	0.0	0.0	0.0	0.0	0.0	0.0	0.0	0.0	0.0	1133.0	0.0
"Fusobacterium sp. oral taxon 203"	1030.0	0.0	0.0	0.0	0.0	0.0	0.0	0.0	1513.0	0.0	0.0	0.0	0.0	0.0	0.0	0.0	0.0
"Leptotrichia buccalis"	0.0	0.0	0.0	0.0	0.0	0.0	0.0	0.0	0.0	0.0	0.0	0.0	2177.0	11720.0	387.0	2708.0	0.0
"Leptotrichia hofstadii"	0.0	749.0	0.0	0.0	0.0	0.0	0.0	0.0	0.0	0.0	0.0	0.0	0.0	2103.0	0.0	1298.0	0.0
"Leptotrichia trevisanii"	0.0	0.0	0.0	0.0	0.0	0.0	0.0	0.0	0.0	0.0	0.0	0.0	0.0	0.0	0.0	757.0	0.0
"Leptotrichia wadei"	0.0	0.0	0.0	0.0	0.0	0.0	0.0	0.0	0.0	0.0	0.0	0.0	0.0	0.0	0.0	601.0	0.0
"Leptotrichia sp. oral taxon 212"	0.0	17683.0	0.0	0.0	0.0	0.0	0.0	0.0	0.0	0.0	0.0	0.0	0.0	2773.0	0.0	24251.0	0.0
"Leptotrichia sp. oral taxon 215"	0.0	4808.0	0.0	0.0	0.0	0.0	0.0	0.0	0.0	0.0	0.0	0.0	0.0	0.0	0.0	4153.0	0.0
"Leptotrichia sp. oral taxon 225"	0.0	1320.0	0.0	0.0	0.0	0.0	0.0	0.0	0.0	0.0	0.0	0.0	0.0	1412.0	0.0	1284.0	0.0
"Streptobacillus moniliformis"	17120.0	0.0	835.0	670.0	0.0	0.0	0.0	0.0	987.0	0.0	0.0	576.0	0.0	1289.0	1109.0	0.0	0.0
"Nitrospira cf. moscoviensis SBR1015"	0.0	0.0	0.0	0.0	11739.0	0.0	0.0	0.0	0.0	0.0	0.0	0.0	1040.0	0.0	0.0	0.0	0.0
"Nitrospira defluvii"	0.0	0.0	0.0	0.0	451.0	0.0	0.0	0.0	0.0	0.0	0.0	0.0	0.0	0.0	0.0	0.0	0.0
"Nitrospira moscoviensis"	0.0	0.0	0.0	0.0	402.0	0.0	0.0	0.0	0.0	0.0	0.0	0.0	0.0	0.0	0.0	0.0	0.0
"Brevundimonas bullata"	0.0	0.0	0.0	0.0	874.0	0.0	0.0	0.0	0.0	0.0	0.0	0.0	0.0	0.0	0.0	0.0	0.0
"Brevundimonas diminuta"	0.0	0.0	0.0	0.0	1759.0	0.0	0.0	0.0	0.0	0.0	140.0	0.0	0.0	0.0	0.0	0.0	0.0
"Brevundimonas naejangsanensis"	0.0	0.0	0.0	0.0	687.0	0.0	0.0	0.0	0.0	0.0	0.0	0.0	0.0	0.0	0.0	0.0	0.0
"Brevundimonas sp. Root1423"	0.0	0.0	0.0	0.0	400.0	0.0	0.0	0.0	0.0	0.0	0.0	0.0	0.0	0.0	0.0	0.0	0.0
"Phenylobacterium zucineum"	0.0	0.0	0.0	0.0	1239.0	0.0	0.0	0.0	0.0	0.0	0.0	0.0	0.0	0.0	0.0	0.0	0.0
"Phenylobacterium sp. Root700"	0.0	0.0	0.0	0.0	985.0	0.0	0.0	0.0	0.0	0.0	0.0	0.0	0.0	0.0	0.0	0.0	0.0
"Aureimonas sp. AU20"	0.0	0.0	0.0	0.0	0.0	0.0	0.0	0.0	0.0	0.0	1088.0	0.0	0.0	0.0	0.0	0.0	0.0
"Bosea lathyri"	0.0	0.0	0.0	0.0	427.0	0.0	0.0	0.0	0.0	0.0	0.0	0.0	0.0	0.0	0.0	0.0	0.0
"Bosea vaviloviae"	0.0	0.0	0.0	0.0	379.0	0.0	0.0	0.0	0.0	0.0	0.0	0.0	0.0	0.0	0.0	0.0	0.0
"Bosea sp. 117"	0.0	0.0	0.0	0.0	397.0	0.0	0.0	0.0	0.0	0.0	0.0	0.0	0.0	0.0	0.0	0.0	0.0
"Bosea sp. Leaf344"	0.0	0.0	0.0	0.0	1482.0	0.0	0.0	0.0	0.0	0.0	0.0	0.0	0.0	0.0	0.0	0.0	0.0
"Bosea sp. Root670"	0.0	0.0	0.0	0.0	1401.0	0.0	0.0	0.0	0.0	0.0	0.0	0.0	0.0	0.0	0.0	0.0	0.0
"Afipia birgiae"	0.0	0.0	0.0	0.0	630.0	0.0	0.0	0.0	0.0	0.0	0.0	0.0	0.0	0.0	0.0	0.0	0.0
"Afipia broomeae"	0.0	0.0	0.0	0.0	652.0	0.0	0.0	0.0	0.0	0.0	0.0	0.0	0.0	0.0	0.0	0.0	0.0
"Afipia felis"	0.0	0.0	0.0	0.0	486.0	0.0	0.0	0.0	0.0	0.0	0.0	0.0	0.0	0.0	0.0	0.0	0.0
"Afipia sp. GAS231"	0.0	0.0	0.0	0.0	4516.0	0.0	0.0	0.0	0.0	0.0	365.0	0.0	0.0	0.0	0.0	0.0	0.0
"Bradyrhizobium elkanii"	0.0	0.0	0.0	0.0	2803.0	0.0	0.0	0.0	0.0	0.0	0.0	0.0	0.0	0.0	0.0	0.0	0.0
"Bradyrhizobium erythrophlei"	0.0	0.0	0.0	0.0	3981.0	0.0	0.0	0.0	0.0	0.0	0.0	0.0	0.0	0.0	0.0	0.0	0.0
"Bradyrhizobium icense"	0.0	0.0	0.0	0.0	1161.0	0.0	0.0	0.0	0.0	0.0	0.0	0.0	0.0	0.0	0.0	0.0	0.0
"Bradyrhizobium japonicum"	0.0	0.0	0.0	0.0	1598.0	0.0	0.0	0.0	0.0	0.0	0.0	0.0	0.0	0.0	0.0	0.0	0.0
"Bradyrhizobium jicamae"	0.0	0.0	0.0	0.0	2147.0	0.0	0.0	0.0	0.0	0.0	0.0	0.0	0.0	0.0	0.0	0.0	0.0
"Bradyrhizobium lablabi"	0.0	0.0	0.0	0.0	3581.0	0.0	0.0	0.0	0.0	0.0	0.0	0.0	0.0	0.0	0.0	0.0	0.0
"Bradyrhizobium macuxiense"	0.0	0.0	0.0	0.0	1054.0	0.0	0.0	0.0	0.0	0.0	0.0	0.0	0.0	0.0	0.0	0.0	0.0
"Bradyrhizobium murdochi"	0.0	0.0	0.0	0.0	920.0	0.0	0.0	0.0	0.0	0.0	0.0	0.0	0.0	0.0	0.0	0.0	0.0
"Bradyrhizobium nitroreducens"	0.0	0.0	0.0	0.0	559.0	0.0	0.0	0.0	0.0	0.0	0.0	0.0	0.0	0.0	0.0	0.0	0.0
"Bradyrhizobium oligotrophicum"	0.0	0.0	0.0	0.0	528.0	0.0	0.0	0.0	0.0	0.0	0.0	0.0	0.0	0.0	0.0	0.0	0.0
"Bradyrhizobium ottawaense"	0.0	0.0	0.0	0.0	619.0	0.0	0.0	0.0	0.0	0.0	0.0	0.0	0.0	0.0	0.0	0.0	0.0
"Bradyrhizobium pachyrhizi"	0.0	0.0	0.0	0.0	443.0	0.0	0.0	0.0	0.0	0.0	0.0	0.0	0.0	0.0	0.0	0.0	0.0
"Bradyrhizobium symbiodeficiens"	0.0	0.0	0.0	0.0	513.0	0.0	0.0	0.0	0.0	0.0	0.0	0.0	0.0	0.0	0.0	0.0	0.0
"Bradyrhizobium valentinum"	0.0	0.0	0.0	0.0	1211.0	0.0	0.0	0.0	0.0	0.0	0.0	0.0	0.0	0.0	0.0	0.0	0.0
"Bradyrhizobium sp. Ai1a-2"	0.0	0.0	0.0	0.0	977.0	0.0	0.0	0.0	0.0	0.0	315.0	0.0	0.0	0.0	0.0	0.0	0.0
"Bradyrhizobium sp. BTAi1"	0.0	0.0	0.0	0.0	374.0	0.0	0.0	0.0	0.0	0.0	0.0	0.0	0.0	0.0	0.0	0.0	0.0
"Bradyrhizobium sp. LTSP885"	0.0	0.0	0.0	0.0	656.0	0.0	0.0	0.0	0.0	0.0	0.0	0.0	0.0	0.0	0.0	0.0	0.0
"Bradyrhizobium sp. LTSPM299"	0.0	0.0	0.0	0.0	704.0	0.0	0.0	0.0	0.0	0.0	0.0	0.0	0.0	0.0	0.0	0.0	0.0
"Bradyrhizobium sp. ORS 285"	0.0	0.0	0.0	0.0	421.0	0.0	0.0	0.0	0.0	0.0	0.0	0.0	0.0	0.0	0.0	0.0	0.0
"Bradyrhizobium sp. SK17"	0.0	0.0	0.0	0.0	812.0	0.0	0.0	0.0	0.0	0.0	0.0	0.0	0.0	0.0	0.0	0.0	0.0
"Bradyrhizobium sp. th.b2"	0.0	0.0	0.0	0.0	525.0	0.0	0.0	0.0	0.0	0.0	0.0	0.0	0.0	0.0	0.0	0.0	0.0
"Bradyrhizobium sp. URHA0002"	0.0	0.0	0.0	0.0	2791.0	0.0	0.0	0.0	0.0	0.0	0.0	0.0	0.0	0.0	0.0	0.0	0.0
"Bradyrhizobium sp. URHD0069"	0.0	0.0	0.0	0.0	1391.0	0.0	0.0	0.0	0.0	0.0	0.0	0.0	0.0	0.0	0.0	0.0	0.0
"Nitrobacter hamburgensis"	0.0	0.0	0.0	0.0	651.0	0.0	0.0	0.0	0.0	0.0	0.0	0.0	0.0	0.0	0.0	0.0	0.0
"Nitrobacter vulgaris"	0.0	0.0	0.0	0.0	881.0	0.0	0.0	0.0	0.0	0.0	0.0	0.0	0.0	0.0	0.0	0.0	0.0
"Rhodopseudomonas palustris"	0.0	0.0	0.0	0.0	2384.0	0.0	0.0	0.0	0.0	0.0	0.0	0.0	0.0	0.0	0.0	0.0	0.0
"Tardiphaga sp. OK245"	0.0	0.0	0.0	0.0	965.0	0.0	0.0	0.0	0.0	0.0	0.0	0.0	0.0	0.0	0.0	0.0	0.0
"Brucella anthropi"	0.0	0.0	0.0	0.0	594.0	0.0	0.0	0.0	0.0	0.0	0.0	0.0	0.0	0.0	0.0	0.0	0.0
"Brucella cytisi"	0.0	0.0	0.0	0.0	1185.0	0.0	0.0	0.0	0.0	0.0	0.0	0.0	0.0	0.0	0.0	0.0	0.0
"Brucella pseudogrignonensis"	0.0	0.0	0.0	0.0	683.0	0.0	0.0	0.0	0.0	0.0	0.0	0.0	0.0	0.0	0.0	0.0	0.0
"Ochrobactrum sp. MYb19"	0.0	0.0	0.0	0.0	385.0	0.0	0.0	0.0	0.0	0.0	0.0	0.0	0.0	0.0	0.0	0.0	0.0
"Devosia limi"	0.0	0.0	0.0	0.0	567.0	0.0	0.0	0.0	0.0	0.0	0.0	0.0	0.0	0.0	0.0	0.0	0.0
"Devosia sp. A16"	0.0	0.0	0.0	0.0	1051.0	0.0	0.0	0.0	0.0	0.0	0.0	0.0	0.0	0.0	0.0	0.0	0.0
"Devosia sp. Root105"	0.0	0.0	0.0	0.0	898.0	0.0	0.0	0.0	0.0	0.0	0.0	0.0	0.0	0.0	0.0	0.0	0.0
"Devosia sp. Root635"	0.0	0.0	0.0	0.0	629.0	0.0	0.0	0.0	0.0	0.0	0.0	0.0	0.0	0.0	0.0	0.0	0.0
"Devosia sp. Root685"	0.0	0.0	0.0	0.0	403.0	0.0	0.0	0.0	0.0	0.0	0.0	0.0	0.0	0.0	0.0	0.0	0.0
"Hyphomicrobium denitrificans"	0.0	0.0	0.0	0.0	0.0	0.0	0.0	0.0	0.0	0.0	248.0	0.0	0.0	0.0	0.0	0.0	0.0
"Rhodoplanes elegans"	0.0	0.0	0.0	0.0	457.0	0.0	0.0	0.0	0.0	0.0	0.0	0.0	0.0	0.0	0.0	0.0	0.0
"Rhodoplanes roseus"	0.0	0.0	0.0	0.0	398.0	0.0	0.0	0.0	0.0	0.0	0.0	0.0	0.0	0.0	0.0	0.0	0.0
"Rhodoplanes sp. Z2-YC6860"	0.0	0.0	0.0	0.0	3796.0	0.0	0.0	0.0	0.0	0.0	0.0	0.0	0.0	0.0	0.0	0.0	0.0
"Enhydrobacter aerosaccus"	0.0	0.0	0.0	0.0	2229.0	0.0	0.0	0.0	0.0	0.0	0.0	0.0	0.0	0.0	0.0	0.0	0.0
"Pseudorhodoplanes sinuspersici"	0.0	0.0	0.0	0.0	399.0	0.0	0.0	0.0	0.0	0.0	0.0	0.0	0.0	0.0	0.0	0.0	0.0
"Methylobacterium phyllostachyos"	0.0	0.0	0.0	0.0	534.0	0.0	0.0	0.0	0.0	0.0	0.0	0.0	0.0	0.0	0.0	0.0	0.0
"Methylobacterium radiotolerans"	31777.0	8083.0	15864.0	13458.0	6842.0	2327.0	4756.0	2802.0	13116.0	15800.0	674.0	1474.0	11370.0	19860.0	4609.0	14090.0	215.0
"Methylorubrum extorquens"	0.0	0.0	0.0	0.0	0.0	0.0	0.0	0.0	0.0	0.0	309.0	0.0	0.0	0.0	0.0	0.0	0.0
"Methylocystis sp. SC2"	0.0	0.0	0.0	0.0	400.0	0.0	0.0	0.0	0.0	0.0	0.0	0.0	0.0	0.0	0.0	0.0	0.0
"Phreatobacter cathodiphilus"	0.0	0.0	0.0	0.0	410.0	0.0	0.0	0.0	0.0	0.0	0.0	0.0	0.0	0.0	0.0	0.0	0.0
"Aminobacter aminovorans"	0.0	0.0	0.0	0.0	551.0	0.0	0.0	0.0	0.0	0.0	0.0	0.0	0.0	0.0	0.0	0.0	0.0
"Aminobacter sp. MSH1"	0.0	0.0	0.0	0.0	416.0	0.0	0.0	0.0	0.0	0.0	0.0	0.0	0.0	0.0	0.0	0.0	0.0
"Mesorhizobium erdmanii"	0.0	0.0	0.0	0.0	406.0	0.0	0.0	0.0	0.0	0.0	0.0	0.0	0.0	0.0	0.0	0.0	0.0
"Mesorhizobium japonicum"	0.0	0.0	0.0	0.0	617.0	0.0	0.0	0.0	0.0	0.0	0.0	0.0	0.0	0.0	0.0	0.0	0.0
"Mesorhizobium loti"	0.0	0.0	0.0	0.0	2202.0	0.0	0.0	0.0	0.0	0.0	0.0	0.0	0.0	0.0	0.0	0.0	0.0
"Mesorhizobium plurifarium"	0.0	0.0	0.0	0.0	588.0	0.0	0.0	0.0	0.0	0.0	0.0	0.0	0.0	0.0	0.0	0.0	0.0
"Mesorhizobium qingshengii"	0.0	0.0	0.0	0.0	836.0	0.0	0.0	0.0	0.0	0.0	0.0	0.0	0.0	0.0	0.0	0.0	0.0
"Mesorhizobium sp. ORS 3324"	5100.0	1277.0	2547.0	2391.0	1052.0	73718.0	339.0	86706.0	2040.0	2789.0	52943.0	165889.0	1608.0	3774.0	616.0	2125.0	0.0
"Mesorhizobium sp. ORS 3359"	0.0	0.0	0.0	0.0	0.0	0.0	0.0	0.0	0.0	1484.0	74.0	0.0	0.0	0.0	0.0	0.0	0.0
"Mesorhizobium sp. Root172"	0.0	0.0	0.0	0.0	598.0	0.0	0.0	0.0	0.0	0.0	0.0	0.0	0.0	0.0	0.0	0.0	0.0
"Mesorhizobium sp. URHC0008"	0.0	0.0	0.0	0.0	678.0	0.0	0.0	0.0	0.0	0.0	0.0	0.0	0.0	0.0	0.0	0.0	0.0
"Phyllobacterium myrsinacearum"	0.0	0.0	0.0	0.0	0.0	0.0	0.0	0.0	0.0	0.0	54.0	0.0	0.0	0.0	0.0	0.0	0.0
"Reyranella massiliensis"	0.0	0.0	0.0	0.0	4365.0	0.0	0.0	0.0	0.0	0.0	0.0	0.0	0.0	0.0	0.0	0.0	0.0
"Rhizobium leguminosarum"	0.0	0.0	0.0	0.0	524.0	0.0	0.0	0.0	0.0	0.0	0.0	0.0	0.0	0.0	0.0	0.0	0.0
"Rhizobium sp. OK665"	0.0	0.0	0.0	0.0	1288.0	0.0	0.0	0.0	0.0	0.0	0.0	0.0	0.0	0.0	0.0	0.0	0.0
"Rhizobium sp. Root483D2"	0.0	0.0	0.0	0.0	702.0	0.0	0.0	0.0	0.0	0.0	0.0	0.0	0.0	0.0	0.0	0.0	0.0
"Sinorhizobium meliloti"	0.0	0.0	0.0	0.0	452.0	0.0	0.0	0.0	0.0	0.0	0.0	0.0	0.0	0.0	0.0	0.0	0.0
"Sinorhizobium sp. RAC02"	0.0	0.0	0.0	0.0	573.0	0.0	0.0	0.0	0.0	0.0	0.0	0.0	0.0	0.0	0.0	0.0	0.0
"Tistlia consotensis"	0.0	0.0	0.0	0.0	375.0	0.0	0.0	0.0	0.0	0.0	0.0	0.0	0.0	0.0	0.0	0.0	0.0
"Hyphomicrobiales bacterium"	0.0	0.0	0.0	0.0	376.0	0.0	0.0	0.0	0.0	0.0	0.0	0.0	0.0	0.0	0.0	0.0	0.0
"Pseudolabrys taiwanensis"	0.0	0.0	0.0	0.0	742.0	0.0	0.0	0.0	0.0	0.0	0.0	0.0	0.0	0.0	0.0	0.0	0.0
"Pseudolabrys sp. Root1462"	0.0	0.0	0.0	0.0	716.0	0.0	0.0	0.0	0.0	0.0	0.0	0.0	0.0	0.0	0.0	0.0	0.0
"Cereibacter sphaeroides"	0.0	0.0	0.0	0.0	419.0	0.0	0.0	0.0	0.0	0.0	0.0	0.0	0.0	0.0	0.0	0.0	0.0
"Paracoccus zhejiangensis"	0.0	0.0	0.0	0.0	1160.0	0.0	0.0	0.0	0.0	0.0	0.0	0.0	0.0	0.0	0.0	0.0	0.0
"Acidiphilium multivorum"	0.0	0.0	0.0	0.0	0.0	0.0	0.0	19634.0	0.0	0.0	0.0	0.0	0.0	0.0	0.0	0.0	0.0
"Acidisphaera rubrifaciens"	0.0	0.0	0.0	0.0	5629.0	0.0	0.0	0.0	0.0	0.0	0.0	0.0	0.0	0.0	0.0	0.0	0.0
"Rhodopila globiformis"	0.0	0.0	0.0	0.0	682.0	0.0	0.0	0.0	0.0	0.0	0.0	0.0	0.0	0.0	0.0	0.0	0.0
"Inquilinus limosus"	0.0	0.0	0.0	0.0	839.0	0.0	0.0	0.0	0.0	0.0	0.0	0.0	0.0	0.0	0.0	0.0	0.0
"Rhodospirillales bacterium URHD0017"	0.0	1170.0	0.0	0.0	35465.0	444.0	0.0	837.0	0.0	2192.0	1081.0	0.0	2984.0	0.0	0.0	0.0	0.0
"Rhodospirillales bacterium URHD0088"	0.0	0.0	0.0	0.0	564.0	0.0	0.0	0.0	0.0	0.0	0.0	0.0	0.0	0.0	0.0	0.0	0.0
"Erythrobacter colymbi"	0.0	0.0	0.0	0.0	722.0	0.0	0.0	0.0	0.0	0.0	0.0	0.0	0.0	0.0	0.0	0.0	0.0
"Erythrobacter litoralis"	0.0	0.0	0.0	0.0	1398.0	0.0	0.0	0.0	0.0	0.0	0.0	0.0	0.0	0.0	0.0	0.0	0.0
"Erythrobacter neustonensis"	0.0	0.0	0.0	0.0	455.0	0.0	0.0	0.0	0.0	0.0	0.0	0.0	0.0	0.0	0.0	0.0	0.0
"Porphyrobacter sp. AAP82"	0.0	0.0	0.0	0.0	420.0	0.0	0.0	0.0	0.0	0.0	0.0	0.0	0.0	0.0	0.0	0.0	0.0
"Porphyrobacter sp. HT-58-2"	0.0	0.0	0.0	0.0	452.0	0.0	0.0	0.0	0.0	0.0	0.0	0.0	0.0	0.0	0.0	0.0	0.0
"Porphyrobacter sp. LM 6"	0.0	0.0	0.0	0.0	387.0	0.0	0.0	0.0	0.0	0.0	0.0	0.0	0.0	0.0	0.0	0.0	0.0
"Tsuneonella dongtanensis"	0.0	0.0	0.0	0.0	2010.0	0.0	0.0	0.0	0.0	0.0	0.0	0.0	0.0	0.0	0.0	0.0	0.0
"Tsuneonella mangrovi"	0.0	0.0	0.0	0.0	619.0	0.0	0.0	0.0	0.0	0.0	0.0	0.0	0.0	0.0	0.0	0.0	0.0
"Novosphingobium aromaticivorans"	0.0	0.0	0.0	0.0	1440.0	0.0	0.0	0.0	0.0	0.0	0.0	0.0	0.0	0.0	0.0	0.0	0.0
"Novosphingobium fuchskuhlense"	0.0	0.0	0.0	0.0	410.0	0.0	0.0	0.0	0.0	0.0	0.0	0.0	0.0	0.0	0.0	0.0	0.0
"Novosphingobium resinovorum"	0.0	0.0	0.0	0.0	484.0	0.0	0.0	0.0	0.0	0.0	0.0	0.0	0.0	0.0	0.0	0.0	0.0
"Novosphingobium sp. B 225"	0.0	0.0	0.0	0.0	1191.0	0.0	0.0	0.0	0.0	0.0	0.0	0.0	0.0	0.0	0.0	0.0	0.0
"Sphingobium yanoikuyae"	0.0	0.0	0.0	0.0	2447.0	0.0	0.0	0.0	0.0	0.0	769.0	0.0	0.0	0.0	0.0	0.0	0.0
"Sphingomonas jaspsi"	0.0	0.0	0.0	0.0	1468.0	0.0	0.0	0.0	0.0	0.0	0.0	0.0	0.0	0.0	0.0	0.0	0.0
"Sphingomonas koreensis"	0.0	0.0	0.0	0.0	423.0	0.0	0.0	0.0	0.0	0.0	0.0	0.0	0.0	0.0	0.0	0.0	0.0
"Sphingomonas panacis"	0.0	0.0	0.0	0.0	0.0	0.0	0.0	0.0	0.0	0.0	1729.0	0.0	0.0	0.0	0.0	0.0	0.0
"Sphingomonas sp. Leaf412"	0.0	0.0	0.0	0.0	407.0	0.0	0.0	0.0	0.0	0.0	0.0	0.0	0.0	0.0	0.0	0.0	0.0
"Sphingomonas sp. PAMC 26605"	0.0	0.0	0.0	0.0	392.0	0.0	0.0	0.0	0.0	0.0	0.0	0.0	0.0	0.0	0.0	0.0	0.0
"Sphingomonas sp. URHD0057"	0.0	0.0	0.0	0.0	1135.0	0.0	0.0	0.0	0.0	0.0	0.0	0.0	0.0	0.0	0.0	0.0	0.0
"Sphingopyxis witflariensis"	0.0	0.0	0.0	0.0	368.0	0.0	0.0	0.0	0.0	0.0	0.0	0.0	0.0	0.0	0.0	0.0	0.0
"Achromobacter xylosoxidans"	0.0	0.0	0.0	0.0	0.0	0.0	0.0	0.0	0.0	0.0	830.0	0.0	0.0	0.0	0.0	0.0	0.0
"Advenella kashmirensis"	0.0	0.0	0.0	0.0	1005.0	0.0	0.0	0.0	0.0	0.0	0.0	0.0	0.0	0.0	0.0	0.0	0.0
"Alcaligenes faecalis"	0.0	0.0	0.0	0.0	510.0	0.0	0.0	0.0	0.0	0.0	0.0	0.0	0.0	0.0	0.0	0.0	0.0
"Azohydromonas australica"	0.0	0.0	0.0	0.0	795.0	0.0	0.0	0.0	0.0	0.0	0.0	0.0	0.0	0.0	0.0	0.0	0.0
"Burkholderia anthina"	0.0	0.0	0.0	0.0	0.0	0.0	0.0	0.0	0.0	0.0	55.0	0.0	0.0	0.0	0.0	0.0	0.0
"Chitinimonas koreensis"	0.0	0.0	0.0	0.0	670.0	0.0	0.0	0.0	0.0	0.0	0.0	0.0	0.0	0.0	0.0	0.0	0.0
"Lautropia mirabilis"	0.0	523836.0	0.0	0.0	0.0	0.0	1417.0	0.0	0.0	0.0	0.0	0.0	14353.0	9085.0	0.0	59278.0	0.0
"Ralstonia insidiosa"	0.0	0.0	0.0	0.0	703.0	0.0	0.0	0.0	0.0	0.0	0.0	0.0	0.0	0.0	0.0	0.0	0.0
"Ralstonia mannitolilytica"	0.0	0.0	0.0	0.0	555.0	0.0	0.0	0.0	0.0	0.0	0.0	0.0	0.0	0.0	0.0	0.0	0.0
"Ralstonia pickettii"	0.0	0.0	0.0	0.0	553.0	0.0	0.0	0.0	0.0	0.0	0.0	0.0	0.0	0.0	0.0	0.0	0.0
"Ralstonia solanacearum"	0.0	0.0	0.0	0.0	521.0	0.0	0.0	0.0	0.0	0.0	0.0	0.0	0.0	0.0	0.0	0.0	0.0
"Ralstonia sp. MD27"	0.0	0.0	0.0	0.0	470.0	0.0	0.0	0.0	0.0	0.0	0.0	0.0	0.0	0.0	0.0	0.0	0.0
"Ralstonia sp. UNC404CL21Col"	0.0	0.0	0.0	0.0	372.0	0.0	0.0	0.0	0.0	0.0	0.0	0.0	0.0	0.0	0.0	0.0	0.0
"Aquincola tertiaricarbonis"	0.0	0.0	0.0	0.0	594.0	0.0	0.0	0.0	0.0	0.0	0.0	0.0	0.0	0.0	0.0	0.0	0.0
"Leptothrix cholodnii"	0.0	0.0	0.0	0.0	604.0	0.0	0.0	0.0	0.0	0.0	0.0	0.0	0.0	0.0	0.0	0.0	0.0
"Methylibium petroleiphilum"	0.0	0.0	0.0	0.0	1370.0	0.0	0.0	0.0	0.0	0.0	0.0	0.0	0.0	0.0	0.0	0.0	0.0
"Methylibium sp. CF059"	0.0	0.0	0.0	0.0	932.0	0.0	0.0	0.0	0.0	0.0	0.0	0.0	0.0	0.0	0.0	0.0	0.0
"Methylibium sp. CF468"	0.0	0.0	0.0	0.0	701.0	0.0	0.0	0.0	0.0	0.0	0.0	0.0	0.0	0.0	0.0	0.0	0.0
"Methylibium sp. YR605"	0.0	0.0	0.0	0.0	647.0	0.0	0.0	0.0	0.0	0.0	0.0	0.0	0.0	0.0	0.0	0.0	0.0
"Paucibacter sp. KCTC 42545"	0.0	0.0	0.0	0.0	1396.0	0.0	0.0	0.0	0.0	0.0	0.0	0.0	0.0	0.0	0.0	0.0	0.0
"Piscinibacter caeni"	0.0	0.0	0.0	0.0	980.0	0.0	0.0	0.0	0.0	0.0	0.0	0.0	0.0	0.0	0.0	0.0	0.0
"Rhizobacter gummiphilus"	0.0	0.0	0.0	0.0	706.0	0.0	0.0	0.0	0.0	0.0	0.0	0.0	0.0	0.0	0.0	0.0	0.0
"Rhizobacter sp. OV335"	0.0	0.0	0.0	0.0	850.0	0.0	0.0	0.0	0.0	0.0	0.0	0.0	0.0	0.0	0.0	0.0	0.0
"Rhizobacter sp. Root404"	0.0	0.0	0.0	0.0	13296.0	0.0	0.0	0.0	0.0	897.0	0.0	0.0	1262.0	0.0	0.0	0.0	0.0
"Rubrivivax gelatinosus"	0.0	0.0	0.0	0.0	831.0	0.0	0.0	0.0	0.0	0.0	0.0	0.0	0.0	0.0	0.0	0.0	0.0
"Thiomonas sp. FB-6"	0.0	0.0	0.0	0.0	432.0	0.0	0.0	0.0	0.0	0.0	0.0	0.0	0.0	0.0	0.0	0.0	0.0
"Xylophilus sp. Leaf220"	0.0	0.0	0.0	0.0	825.0	0.0	0.0	0.0	0.0	0.0	0.0	0.0	0.0	0.0	0.0	0.0	0.0
"Xylophilus ampelinus"	0.0	0.0	0.0	0.0	398.0	0.0	0.0	0.0	0.0	0.0	0.0	0.0	0.0	0.0	0.0	0.0	0.0
"Acidovorax avenae"	0.0	0.0	0.0	0.0	402.0	0.0	0.0	0.0	0.0	0.0	0.0	0.0	0.0	0.0	0.0	0.0	0.0
"Acidovorax carolinensis"	0.0	0.0	0.0	0.0	1072.0	0.0	0.0	0.0	0.0	0.0	0.0	0.0	0.0	0.0	0.0	0.0	0.0
"Acidovorax ebreus"	0.0	0.0	0.0	0.0	0.0	0.0	0.0	0.0	0.0	0.0	727.0	0.0	0.0	0.0	0.0	0.0	0.0
"Acidovorax sp. GW101-3H11"	0.0	0.0	0.0	0.0	0.0	0.0	0.0	0.0	0.0	0.0	422.0	0.0	0.0	0.0	0.0	0.0	0.0
"Acidovorax sp. JHL-9"	0.0	0.0	0.0	0.0	1849.0	0.0	0.0	0.0	0.0	0.0	0.0	0.0	0.0	0.0	0.0	0.0	0.0
"Acidovorax sp. JS42"	0.0	0.0	0.0	0.0	1061.0	0.0	0.0	0.0	0.0	0.0	0.0	0.0	0.0	0.0	0.0	0.0	0.0
"Acidovorax sp. KKS102"	0.0	0.0	0.0	0.0	1884.0	0.0	0.0	0.0	0.0	0.0	0.0	0.0	0.0	0.0	0.0	0.0	0.0
"Acidovorax sp. Leaf191"	0.0	0.0	0.0	0.0	459.0	0.0	0.0	0.0	0.0	0.0	0.0	0.0	0.0	0.0	0.0	0.0	0.0
"Acidovorax sp. MR-S7"	0.0	0.0	0.0	0.0	422.0	0.0	0.0	0.0	0.0	0.0	165.0	0.0	0.0	0.0	0.0	0.0	0.0
"Acidovorax sp. Root219"	0.0	0.0	0.0	0.0	409.0	0.0	0.0	0.0	0.0	0.0	0.0	0.0	0.0	0.0	0.0	0.0	0.0
"Alicycliphilus denitrificans"	0.0	0.0	0.0	0.0	787.0	0.0	0.0	0.0	0.0	0.0	0.0	0.0	0.0	0.0	0.0	0.0	0.0
"Brachymonas chironomi"	0.0	0.0	0.0	0.0	0.0	0.0	0.0	0.0	0.0	0.0	0.0	0.0	0.0	0.0	0.0	2226.0	0.0
"Brachymonas denitrificans"	0.0	0.0	0.0	0.0	0.0	0.0	0.0	0.0	0.0	0.0	0.0	0.0	0.0	0.0	0.0	3513.0	0.0
"Caenimonas sp. SL110"	0.0	0.0	0.0	0.0	1095.0	0.0	0.0	0.0	0.0	0.0	0.0	0.0	0.0	0.0	0.0	0.0	0.0
"Comamonas aquatica"	0.0	0.0	0.0	0.0	5886.0	0.0	0.0	0.0	0.0	0.0	0.0	0.0	1408.0	0.0	0.0	0.0	0.0
"Comamonas testosteroni"	0.0	0.0	0.0	0.0	19629.0	495.0	0.0	983.0	0.0	0.0	2020.0	0.0	3584.0	0.0	647.0	0.0	0.0
"Comamonas thiooxydans"	0.0	0.0	0.0	0.0	2914.0	0.0	0.0	0.0	0.0	0.0	338.0	0.0	0.0	0.0	0.0	0.0	0.0
"Curvibacter sp. PAE-UM"	0.0	0.0	0.0	0.0	1401.0	0.0	0.0	0.0	0.0	0.0	0.0	0.0	0.0	0.0	0.0	0.0	0.0
"Diaphorobacter polyhydroxybutyrativorans"	0.0	0.0	0.0	0.0	638.0	0.0	0.0	0.0	0.0	0.0	1334.0	0.0	0.0	0.0	0.0	0.0	0.0
"Extensimonas vulgaris"	0.0	0.0	0.0	0.0	398.0	0.0	0.0	0.0	0.0	0.0	0.0	0.0	0.0	0.0	0.0	0.0	0.0
"Hydrogenophaga sp. IBVHS1"	0.0	0.0	0.0	0.0	908.0	0.0	0.0	0.0	0.0	0.0	0.0	0.0	0.0	0.0	0.0	0.0	0.0
"Hydrogenophaga sp. IBVHS2"	0.0	0.0	0.0	0.0	2506.0	0.0	0.0	0.0	0.0	0.0	0.0	0.0	0.0	0.0	0.0	0.0	0.0
"Hydrogenophaga sp. PBC"	0.0	0.0	0.0	0.0	967.0	0.0	0.0	0.0	0.0	0.0	0.0	0.0	0.0	0.0	0.0	0.0	0.0
"Hydrogenophaga sp. PML113"	0.0	0.0	0.0	0.0	1183.0	0.0	0.0	0.0	0.0	0.0	0.0	0.0	0.0	0.0	0.0	0.0	0.0
"Hydrogenophaga sp. RAC07"	0.0	0.0	0.0	0.0	5367.0	0.0	0.0	0.0	0.0	0.0	0.0	0.0	0.0	0.0	0.0	0.0	0.0
"Hydrogenophaga sp. Root209"	0.0	0.0	0.0	0.0	3393.0	0.0	0.0	0.0	0.0	0.0	0.0	0.0	0.0	0.0	0.0	0.0	0.0
"Melaminivora sp. SC2-9"	0.0	0.0	0.0	0.0	391.0	0.0	0.0	0.0	0.0	0.0	0.0	0.0	0.0	0.0	0.0	0.0	0.0
"Ottowia oryzae"	0.0	1775.0	0.0	0.0	0.0	0.0	0.0	0.0	0.0	0.0	0.0	0.0	0.0	0.0	0.0	1188.0	0.0
"Ottowia sp. Marseille-P4747"	0.0	50645.0	0.0	0.0	0.0	0.0	3199.0	6924.0	1677.0	0.0	0.0	0.0	16467.0	11858.0	0.0	59486.0	0.0
"Ottowia sp. oral taxon 894"	0.0	48055.0	0.0	0.0	0.0	0.0	2848.0	6492.0	1613.0	0.0	0.0	0.0	15864.0	11842.0	0.0	54417.0	0.0
"Pelomonas sp. Root1217"	0.0	0.0	0.0	0.0	1545.0	0.0	0.0	0.0	0.0	0.0	0.0	0.0	0.0	0.0	0.0	0.0	0.0
"Pelomonas sp. Root1237"	0.0	0.0	0.0	0.0	896.0	0.0	0.0	0.0	0.0	0.0	0.0	0.0	0.0	0.0	0.0	0.0	0.0
"Pelomonas sp. Root1444"	0.0	0.0	0.0	0.0	2674.0	0.0	0.0	0.0	0.0	0.0	0.0	0.0	0.0	0.0	0.0	0.0	0.0
"Pelomonas sp. Root662"	0.0	0.0	0.0	0.0	1665.0	0.0	0.0	0.0	0.0	0.0	0.0	0.0	0.0	0.0	0.0	0.0	0.0
"Polaromonas glacialis"	0.0	0.0	0.0	0.0	3396.0	0.0	0.0	0.0	0.0	0.0	0.0	0.0	0.0	0.0	0.0	0.0	0.0
"Polaromonas naphthalenivorans"	0.0	0.0	0.0	839.0	3575.0	0.0	0.0	0.0	0.0	0.0	0.0	0.0	0.0	0.0	0.0	0.0	0.0
"Polaromonas sp. JS666"	0.0	1643.0	0.0	1002.0	31814.0	518.0	0.0	991.0	0.0	1861.0	0.0	0.0	2553.0	0.0	0.0	0.0	0.0
"Polaromonas sp. YR568"	0.0	0.0	0.0	0.0	9489.0	0.0	0.0	0.0	0.0	0.0	0.0	0.0	0.0	0.0	0.0	0.0	0.0
"Pseudacidovorax intermedius"	0.0	0.0	0.0	0.0	880.0	0.0	0.0	0.0	0.0	0.0	0.0	0.0	0.0	0.0	0.0	0.0	0.0
"Pseudorhodoferax soli"	0.0	0.0	0.0	0.0	623.0	0.0	0.0	0.0	0.0	0.0	0.0	0.0	0.0	0.0	0.0	0.0	0.0
"Pseudorhodoferax sp. Leaf274"	0.0	0.0	0.0	0.0	766.0	0.0	0.0	0.0	0.0	0.0	0.0	0.0	0.0	0.0	0.0	0.0	0.0
"Pulveribacter suum"	0.0	0.0	0.0	0.0	488.0	0.0	0.0	0.0	0.0	0.0	0.0	0.0	0.0	0.0	0.0	0.0	0.0
"Ramlibacter tataouinensis"	0.0	0.0	0.0	0.0	7712.0	0.0	0.0	0.0	0.0	0.0	0.0	0.0	0.0	0.0	0.0	0.0	0.0
"Rhodoferax ferrireducens"	0.0	0.0	0.0	0.0	510.0	0.0	0.0	0.0	0.0	0.0	0.0	0.0	0.0	0.0	0.0	0.0	0.0
"Rhodoferax koreense"	0.0	0.0	0.0	0.0	1451.0	0.0	0.0	0.0	0.0	0.0	0.0	0.0	0.0	0.0	0.0	0.0	0.0
"Rhodoferax saidenbachensis"	0.0	0.0	0.0	0.0	514.0	0.0	0.0	0.0	0.0	0.0	0.0	0.0	0.0	0.0	0.0	0.0	0.0
"Schlegelella thermodepolymerans"	0.0	0.0	0.0	0.0	689.0	0.0	0.0	0.0	0.0	0.0	1735.0	0.0	0.0	0.0	0.0	0.0	0.0
"Simplicispira metamorpha"	0.0	0.0	0.0	0.0	0.0	0.0	0.0	0.0	0.0	0.0	1116.0	0.0	0.0	0.0	0.0	646.0	0.0
"Comamonadaceae bacterium URHA0028"	0.0	0.0	0.0	0.0	2869.0	0.0	0.0	0.0	0.0	0.0	0.0	0.0	0.0	0.0	0.0	0.0	0.0
"Variovorax sp. CF079"	0.0	0.0	0.0	0.0	1265.0	0.0	0.0	0.0	0.0	0.0	0.0	0.0	0.0	0.0	0.0	0.0	0.0
"Variovorax sp. CF313"	0.0	0.0	0.0	0.0	441.0	0.0	0.0	0.0	0.0	0.0	0.0	0.0	0.0	0.0	0.0	0.0	0.0
"Variovorax sp. EL159"	0.0	0.0	0.0	0.0	649.0	0.0	0.0	0.0	0.0	0.0	0.0	0.0	0.0	0.0	0.0	0.0	0.0
"Variovorax sp. HW608"	0.0	0.0	0.0	0.0	529.0	0.0	0.0	0.0	0.0	0.0	0.0	0.0	0.0	0.0	0.0	0.0	0.0
"Variovorax sp. OK605"	0.0	0.0	0.0	0.0	580.0	0.0	0.0	0.0	0.0	0.0	0.0	0.0	0.0	0.0	0.0	0.0	0.0
"Variovorax sp. PAMC 28711"	0.0	0.0	0.0	0.0	444.0	0.0	0.0	0.0	0.0	0.0	0.0	0.0	0.0	0.0	0.0	0.0	0.0
"Variovorax sp. Root434"	0.0	0.0	0.0	0.0	501.0	0.0	0.0	0.0	0.0	0.0	0.0	0.0	0.0	0.0	0.0	0.0	0.0
"Variovorax sp. Root473"	0.0	0.0	0.0	0.0	971.0	0.0	0.0	0.0	0.0	0.0	0.0	0.0	0.0	0.0	0.0	0.0	0.0
"Variovorax sp. WDL1"	0.0	0.0	0.0	0.0	624.0	0.0	0.0	0.0	0.0	0.0	0.0	0.0	0.0	0.0	0.0	0.0	0.0
"Variovorax boronicumulans"	0.0	0.0	0.0	0.0	1025.0	0.0	0.0	0.0	0.0	0.0	572.0	0.0	0.0	0.0	0.0	0.0	0.0
"Variovorax paradoxus"	0.0	0.0	0.0	0.0	2677.0	0.0	0.0	0.0	0.0	0.0	0.0	0.0	0.0	0.0	0.0	0.0	0.0
"Xenophilus azovorans"	0.0	0.0	0.0	0.0	1383.0	0.0	0.0	0.0	0.0	0.0	0.0	0.0	0.0	0.0	0.0	0.0	0.0
"Herminiimonas arsenicoxydans"	0.0	962.0	0.0	3239.0	0.0	0.0	0.0	0.0	0.0	0.0	0.0	0.0	0.0	0.0	0.0	0.0	0.0
"Herminiimonas arsenitoxidans"	0.0	0.0	0.0	1051.0	0.0	0.0	0.0	0.0	0.0	0.0	0.0	0.0	0.0	0.0	0.0	0.0	0.0
"Janthinobacterium sp. Marseille"	0.0	0.0	0.0	1046.0	0.0	0.0	0.0	0.0	0.0	0.0	0.0	0.0	0.0	0.0	0.0	0.0	0.0
"Duganella sp. CF458"	0.0	0.0	0.0	0.0	531.0	0.0	0.0	0.0	0.0	0.0	0.0	0.0	0.0	0.0	0.0	0.0	0.0
"Duganella sp. Root1480D1"	0.0	0.0	0.0	0.0	999.0	0.0	0.0	0.0	0.0	0.0	0.0	0.0	0.0	0.0	0.0	0.0	0.0
"Massilia namucuonensis"	0.0	0.0	0.0	0.0	376.0	0.0	0.0	0.0	0.0	0.0	0.0	0.0	0.0	0.0	0.0	0.0	0.0
"Massilia violaceinigra"	0.0	0.0	0.0	0.0	575.0	0.0	0.0	0.0	0.0	0.0	0.0	0.0	0.0	0.0	0.0	0.0	0.0
"Massilia sp. CF038"	0.0	0.0	0.0	0.0	375.0	0.0	0.0	0.0	0.0	0.0	0.0	0.0	0.0	0.0	0.0	0.0	0.0
"Noviherbaspirillum denitrificans"	0.0	0.0	0.0	0.0	384.0	0.0	0.0	0.0	0.0	0.0	0.0	0.0	0.0	0.0	0.0	0.0	0.0
"Noviherbaspirillum humi"	0.0	0.0	0.0	0.0	465.0	0.0	0.0	0.0	0.0	0.0	0.0	0.0	0.0	0.0	0.0	0.0	0.0
"Oxalobacter formigenes"	0.0	0.0	0.0	529.0	0.0	0.0	0.0	0.0	0.0	0.0	0.0	0.0	0.0	0.0	0.0	0.0	0.0
"Burkholderiales bacterium JOSHI_001"	0.0	0.0	0.0	0.0	640.0	0.0	0.0	0.0	0.0	0.0	0.0	0.0	0.0	0.0	0.0	0.0	0.0
"Eikenella corrodens"	0.0	11574.0	0.0	0.0	0.0	0.0	284.0	0.0	0.0	0.0	0.0	0.0	0.0	2299.0	0.0	7575.0	0.0
"Eikenella sp. HMSC061C02"	0.0	1207.0	0.0	0.0	0.0	0.0	0.0	0.0	0.0	0.0	0.0	0.0	0.0	0.0	0.0	1446.0	0.0
"Kingella denitrificans"	0.0	29452.0	0.0	0.0	0.0	0.0	0.0	0.0	0.0	0.0	0.0	0.0	0.0	0.0	0.0	3289.0	0.0
"Morococcus cerebrosus"	0.0	20738.0	0.0	0.0	0.0	0.0	0.0	0.0	0.0	0.0	0.0	0.0	0.0	0.0	0.0	1373.0	0.0
"Neisseria bacilliformis"	0.0	1491.0	0.0	0.0	0.0	0.0	0.0	0.0	0.0	0.0	0.0	0.0	0.0	0.0	0.0	0.0	0.0
"Neisseria elongata"	0.0	111455.0	0.0	0.0	0.0	0.0	1435.0	1128.0	0.0	0.0	0.0	0.0	3936.0	10941.0	0.0	23164.0	0.0
"Neisseria gonorrhoeae"	0.0	3820.0	0.0	0.0	0.0	0.0	0.0	0.0	0.0	0.0	0.0	0.0	0.0	0.0	0.0	752.0	0.0
"Neisseria lactamica"	0.0	1096.0	0.0	0.0	0.0	0.0	0.0	0.0	0.0	0.0	0.0	0.0	0.0	0.0	0.0	0.0	0.0
"Neisseria macacae"	0.0	5543.0	0.0	0.0	0.0	0.0	0.0	0.0	0.0	0.0	0.0	0.0	0.0	0.0	0.0	0.0	0.0
"Neisseria meningitidis"	0.0	6860.0	0.0	0.0	0.0	0.0	0.0	0.0	0.0	0.0	0.0	0.0	0.0	0.0	0.0	1009.0	0.0
"Neisseria mucosa"	0.0	4850.0	0.0	0.0	0.0	0.0	0.0	0.0	0.0	0.0	0.0	0.0	0.0	0.0	0.0	0.0	0.0
"Neisseria polysaccharea"	0.0	967.0	0.0	0.0	0.0	0.0	0.0	0.0	0.0	0.0	0.0	0.0	0.0	0.0	0.0	0.0	0.0
"Neisseria sicca"	0.0	44049.0	0.0	0.0	0.0	0.0	0.0	0.0	0.0	0.0	0.0	0.0	0.0	0.0	0.0	930.0	0.0
"Neisseria sp. GT4A_CT1"	0.0	3158.0	0.0	0.0	0.0	0.0	0.0	0.0	0.0	0.0	0.0	0.0	0.0	0.0	0.0	0.0	0.0
"Neisseria sp. HMSC03D10"	0.0	6181.0	0.0	0.0	0.0	0.0	0.0	0.0	0.0	0.0	0.0	0.0	0.0	0.0	0.0	0.0	0.0
"Neisseria sp. HMSC055F11"	0.0	2627.0	0.0	0.0	0.0	0.0	0.0	0.0	0.0	0.0	0.0	0.0	0.0	0.0	0.0	0.0	0.0
"Neisseria sp. HMSC055H02"	0.0	7741.0	0.0	0.0	0.0	0.0	0.0	0.0	0.0	0.0	0.0	0.0	0.0	0.0	0.0	0.0	0.0
"Neisseria sp. HMSC056A03"	0.0	965.0	0.0	0.0	0.0	0.0	0.0	0.0	0.0	0.0	0.0	0.0	0.0	0.0	0.0	0.0	0.0
"Neisseria sp. HMSC059F02"	0.0	3336.0	0.0	0.0	0.0	0.0	0.0	0.0	0.0	0.0	0.0	0.0	0.0	0.0	0.0	0.0	0.0
"Neisseria sp. HMSC064E01"	0.0	9681.0	0.0	0.0	0.0	0.0	0.0	0.0	0.0	0.0	0.0	0.0	0.0	0.0	0.0	770.0	0.0
"Neisseria sp. HMSC064F04"	0.0	4121.0	0.0	0.0	0.0	0.0	0.0	0.0	0.0	0.0	0.0	0.0	0.0	0.0	0.0	0.0	0.0
"Neisseria sp. HMSC065D04"	0.0	4940.0	0.0	0.0	0.0	0.0	0.0	0.0	0.0	0.0	0.0	0.0	0.0	0.0	0.0	0.0	0.0
"Neisseria sp. HMSC068C04"	0.0	1297.0	0.0	0.0	0.0	0.0	0.0	0.0	0.0	0.0	0.0	0.0	0.0	0.0	0.0	0.0	0.0
"Neisseria sp. HMSC069H12"	0.0	1230.0	0.0	0.0	0.0	0.0	0.0	0.0	0.0	0.0	0.0	0.0	0.0	0.0	0.0	0.0	0.0
"Neisseria sp. HMSC070E12"	0.0	2681.0	0.0	0.0	0.0	0.0	0.0	0.0	0.0	0.0	0.0	0.0	0.0	0.0	0.0	0.0	0.0
"Neisseria sp. HMSC072F04"	0.0	25176.0	0.0	0.0	0.0	0.0	0.0	0.0	0.0	0.0	0.0	0.0	0.0	0.0	0.0	0.0	0.0
"Neisseria sp. HMSC073B07"	0.0	2342.0	0.0	0.0	0.0	0.0	0.0	0.0	0.0	0.0	0.0	0.0	0.0	0.0	0.0	0.0	0.0
"Neisseria sp. HMSC074B07"	0.0	2941.0	0.0	0.0	0.0	0.0	0.0	0.0	0.0	0.0	0.0	0.0	0.0	0.0	0.0	0.0	0.0
"Neisseria sp. HMSC077D05"	0.0	11867.0	0.0	0.0	0.0	0.0	0.0	0.0	0.0	0.0	0.0	0.0	0.0	0.0	0.0	642.0	0.0
"Neisseria sp. HMSC15C08"	0.0	8029.0	0.0	0.0	0.0	0.0	0.0	0.0	0.0	0.0	0.0	0.0	0.0	0.0	0.0	705.0	0.0
"Neisseria sp. HMSC31F04"	0.0	9995.0	0.0	0.0	0.0	0.0	0.0	0.0	0.0	0.0	0.0	0.0	0.0	0.0	0.0	2382.0	0.0
"Neisseria sp. HMSC70E02"	0.0	4978.0	0.0	0.0	0.0	0.0	0.0	0.0	0.0	0.0	0.0	0.0	0.0	0.0	0.0	0.0	0.0
"Neisseria sp. oral taxon 014"	0.0	7697.0	0.0	0.0	0.0	0.0	285.0	0.0	0.0	0.0	0.0	0.0	0.0	0.0	0.0	9398.0	0.0
"Methylotenera mobilis"	0.0	0.0	0.0	0.0	1063.0	0.0	0.0	0.0	0.0	0.0	0.0	0.0	0.0	0.0	0.0	0.0	0.0
"Methylotenera versatilis"	0.0	0.0	0.0	0.0	531.0	0.0	0.0	0.0	0.0	0.0	0.0	0.0	0.0	0.0	0.0	0.0	0.0
"Nitrosomonas sp. Is79A3"	0.0	0.0	0.0	0.0	524.0	0.0	0.0	0.0	0.0	0.0	0.0	0.0	0.0	0.0	0.0	0.0	0.0
"Nitrosomonas sp. Nm84"	0.0	0.0	0.0	0.0	830.0	0.0	0.0	0.0	0.0	0.0	0.0	0.0	0.0	0.0	0.0	0.0	0.0
"Nitrosospira sp. Nsp13"	0.0	0.0	0.0	0.0	772.0	0.0	0.0	0.0	0.0	0.0	0.0	0.0	0.0	0.0	0.0	0.0	0.0
"Thiobacillus denitrificans"	0.0	0.0	0.0	0.0	442.0	0.0	0.0	0.0	0.0	0.0	0.0	0.0	0.0	0.0	0.0	0.0	0.0
"Aromatoleum toluclasticum"	0.0	0.0	0.0	0.0	466.0	0.0	0.0	0.0	0.0	0.0	0.0	0.0	0.0	0.0	0.0	0.0	0.0
"Propionivibrio dicarboxylicus"	0.0	0.0	0.0	0.0	0.0	454.0	0.0	0.0	0.0	0.0	0.0	0.0	0.0	0.0	0.0	1177.0	0.0
"Betaproteobacteria bacterium GR16-43"	0.0	0.0	0.0	0.0	2181.0	0.0	0.0	0.0	0.0	0.0	0.0	0.0	0.0	0.0	0.0	0.0	0.0
"Desulfobulbus elongatus"	0.0	0.0	0.0	0.0	0.0	0.0	0.0	471.0	0.0	0.0	0.0	0.0	0.0	0.0	0.0	0.0	0.0
"Desulfobulbus oralis"	114035.0	44159.0	149394.0	77555.0	15608.0	34974.0	6138.0	225108.0	55999.0	116326.0	0.0	19878.0	229155.0	272557.0	60730.0	12466.0	0.0
"Desulfomicrobium orale"	19477.0	0.0	97770.0	1839.0	1018.0	63787.0	789.0	39652.0	11190.0	19926.0	0.0	10507.0	17425.0	33396.0	512.0	95876.0	0.0
"Sandaracinus amylolyticus"	0.0	0.0	0.0	0.0	454.0	0.0	0.0	0.0	0.0	0.0	0.0	0.0	0.0	0.0	0.0	0.0	0.0
"Campylobacter concisus"	0.0	0.0	0.0	0.0	0.0	0.0	0.0	0.0	0.0	0.0	0.0	354.0	1202.0	1132.0	0.0	1944.0	0.0
"Campylobacter gracilis"	0.0	2192.0	1274.0	675.0	0.0	2846.0	0.0	2237.0	4636.0	0.0	0.0	304.0	9406.0	18889.0	1314.0	10188.0	0.0
"Campylobacter showae"	3907.0	12745.0	9127.0	1215.0	0.0	3289.0	1877.0	3520.0	1888.0	2255.0	0.0	1910.0	14833.0	16817.0	0.0	43861.0	0.0
"Helicobacter bizzozeronii"	0.0	0.0	0.0	0.0	0.0	0.0	0.0	0.0	0.0	0.0	0.0	0.0	0.0	0.0	0.0	0.0	146.0
"Shewanella bicestrii"	0.0	0.0	0.0	0.0	0.0	0.0	0.0	0.0	0.0	0.0	793.0	0.0	0.0	0.0	0.0	0.0	0.0
"Shewanella decolorationis"	0.0	2422.0	16722.0	1099.0	3266.0	0.0	0.0	17383.0	885.0	4053.0	54.0	0.0	10659.0	0.0	0.0	0.0	293.0
"Cardiobacterium hominis"	0.0	14702.0	0.0	0.0	0.0	0.0	283.0	0.0	0.0	0.0	0.0	0.0	5939.0	7891.0	0.0	15212.0	0.0
"Cardiobacterium valvarum"	0.0	3320.0	0.0	0.0	0.0	524.0	612.0	1598.0	0.0	0.0	0.0	0.0	9388.0	23215.0	0.0	35643.0	0.0
"Cellvibrio sp. BR"	0.0	0.0	0.0	0.0	1852.0	0.0	0.0	0.0	0.0	0.0	0.0	0.0	0.0	0.0	0.0	0.0	0.0
"Enterobacter cloacae"	0.0	0.0	0.0	0.0	2472.0	0.0	0.0	0.0	0.0	0.0	860.0	0.0	0.0	0.0	0.0	0.0	0.0
"Escherichia coli"	0.0	876.0	0.0	0.0	27678.0	507.0	0.0	955.0	0.0	1677.0	8098.0	0.0	1738.0	0.0	563.0	0.0	0.0
"Klebsiella aerogenes"	0.0	0.0	0.0	0.0	581.0	0.0	0.0	0.0	0.0	0.0	0.0	0.0	0.0	0.0	0.0	0.0	0.0
"Klebsiella michiganensis"	0.0	0.0	0.0	0.0	0.0	0.0	0.0	0.0	0.0	0.0	579.0	0.0	0.0	0.0	0.0	0.0	0.0
"Klebsiella oxytoca"	0.0	0.0	0.0	0.0	377.0	0.0	0.0	0.0	0.0	0.0	0.0	0.0	0.0	0.0	0.0	0.0	0.0
"Klebsiella pneumoniae"	0.0	0.0	0.0	0.0	662.0	0.0	0.0	0.0	0.0	0.0	0.0	0.0	0.0	0.0	0.0	0.0	61.0
"Kosakonia cowanii"	0.0	0.0	0.0	0.0	621.0	0.0	0.0	0.0	0.0	0.0	0.0	0.0	0.0	0.0	0.0	0.0	0.0
"Enterobacteriaceae bacterium ATCC 29904"	0.0	0.0	0.0	0.0	488.0	0.0	0.0	0.0	0.0	0.0	0.0	0.0	0.0	0.0	0.0	0.0	0.0
"Edwardsiella piscicida"	9544.0	2627.0	4630.0	4247.0	2002.0	2096.0	7148.0	2886.0	4307.0	4466.0	762.0	1776.0	3220.0	6379.0	959.0	2765.0	174.0
"Yersinia wautersii"	0.0	0.0	0.0	0.0	0.0	0.0	0.0	0.0	0.0	0.0	540.0	0.0	0.0	0.0	0.0	0.0	105.0
"Immundisolibacter cernigliae"	0.0	0.0	0.0	0.0	4286.0	0.0	0.0	0.0	0.0	0.0	0.0	0.0	0.0	0.0	0.0	0.0	0.0
"Acinetobacter pittii"	0.0	0.0	0.0	0.0	0.0	0.0	0.0	0.0	0.0	0.0	97.0	0.0	0.0	0.0	0.0	0.0	0.0
"Acinetobacter johnsonii"	0.0	0.0	0.0	0.0	737.0	0.0	0.0	0.0	0.0	0.0	1119.0	0.0	0.0	0.0	0.0	0.0	0.0
"Acinetobacter junii"	0.0	0.0	0.0	0.0	6024.0	0.0	0.0	0.0	0.0	0.0	4795.0	0.0	700.0	0.0	0.0	0.0	0.0
"Acinetobacter parvus"	0.0	0.0	0.0	0.0	0.0	0.0	0.0	0.0	0.0	0.0	1091.0	0.0	0.0	0.0	0.0	0.0	0.0
"Acinetobacter radioresistens"	0.0	0.0	0.0	0.0	0.0	0.0	0.0	0.0	0.0	0.0	738.0	0.0	0.0	0.0	0.0	0.0	0.0
"Acinetobacter venetianus"	0.0	0.0	0.0	0.0	13169.0	639.0	0.0	1271.0	0.0	0.0	7383.0	0.0	1816.0	0.0	794.0	0.0	0.0
"Acinetobacter sp. NIPH 284"	0.0	0.0	0.0	0.0	411.0	0.0	0.0	0.0	0.0	0.0	0.0	0.0	0.0	0.0	0.0	0.0	0.0
"Acinetobacter sp. UNC436CL71CviS28"	0.0	0.0	0.0	0.0	0.0	0.0	0.0	0.0	0.0	0.0	1621.0	0.0	0.0	0.0	0.0	0.0	0.0
"Moraxella osloensis"	0.0	0.0	0.0	0.0	0.0	0.0	0.0	0.0	0.0	0.0	718.0	0.0	0.0	0.0	0.0	0.0	0.0
"Psychrobacter sp. 1501(2011)"	0.0	0.0	0.0	0.0	0.0	0.0	0.0	0.0	0.0	0.0	950.0	0.0	0.0	0.0	0.0	0.0	0.0
"Psychrobacter sp. SHUES1"	0.0	0.0	0.0	0.0	0.0	0.0	0.0	0.0	0.0	0.0	1212.0	0.0	0.0	0.0	0.0	0.0	0.0
"Hydrocarboniphaga daqingensis"	0.0	0.0	0.0	0.0	639.0	0.0	0.0	0.0	0.0	0.0	0.0	0.0	0.0	0.0	0.0	0.0	0.0
"Nevskia soli"	0.0	0.0	0.0	0.0	1155.0	0.0	0.0	0.0	0.0	0.0	0.0	0.0	0.0	0.0	0.0	0.0	0.0
"Sinimarinibacterium flocculans"	0.0	0.0	0.0	0.0	1003.0	0.0	0.0	0.0	0.0	0.0	0.0	0.0	0.0	0.0	0.0	0.0	0.0
"Solimonas aquatica"	0.0	0.0	0.0	0.0	555.0	0.0	0.0	0.0	0.0	0.0	0.0	0.0	0.0	0.0	0.0	0.0	0.0
"Solimonas flava"	0.0	0.0	0.0	0.0	408.0	0.0	0.0	0.0	0.0	0.0	0.0	0.0	0.0	0.0	0.0	0.0	0.0
"Solimonas soli"	0.0	0.0	0.0	0.0	1052.0	0.0	0.0	0.0	0.0	0.0	0.0	0.0	0.0	0.0	0.0	0.0	0.0
"Solimonas variicoloris"	0.0	0.0	0.0	0.0	370.0	0.0	0.0	0.0	0.0	0.0	0.0	0.0	0.0	0.0	0.0	0.0	0.0
"Steroidobacter denitrificans"	0.0	0.0	0.0	0.0	630.0	0.0	0.0	0.0	0.0	0.0	0.0	0.0	0.0	0.0	0.0	0.0	0.0
"Halomonas sp. HG01"	0.0	0.0	0.0	0.0	0.0	0.0	0.0	0.0	0.0	0.0	767.0	0.0	0.0	0.0	0.0	0.0	0.0
"Aggregatibacter actinomycetemcomitans"	0.0	0.0	0.0	0.0	0.0	0.0	0.0	0.0	0.0	0.0	0.0	251.0	2123.0	0.0	0.0	921.0	0.0
"Aggregatibacter aphrophilus"	0.0	4556.0	0.0	0.0	0.0	0.0	293.0	0.0	0.0	0.0	0.0	0.0	0.0	0.0	0.0	35657.0	0.0
"Aggregatibacter segnis"	0.0	2037.0	0.0	0.0	0.0	0.0	1379.0	0.0	0.0	0.0	0.0	0.0	0.0	0.0	0.0	16379.0	0.0
"Aggregatibacter sp. oral taxon 458"	0.0	0.0	0.0	0.0	0.0	0.0	0.0	0.0	0.0	0.0	0.0	0.0	0.0	0.0	0.0	1564.0	0.0
"Canicola haemoglobinophilus"	0.0	0.0	0.0	519.0	0.0	0.0	0.0	0.0	0.0	0.0	0.0	253.0	0.0	0.0	0.0	0.0	0.0
"Haemophilus parainfluenzae"	0.0	3844.0	0.0	0.0	0.0	0.0	0.0	0.0	0.0	0.0	0.0	0.0	0.0	0.0	0.0	1943.0	0.0
"Histophilus somni"	0.0	0.0	0.0	0.0	0.0	0.0	0.0	0.0	0.0	0.0	0.0	222.0	0.0	0.0	0.0	0.0	0.0
"Pseudomonas aeruginosa"	0.0	0.0	0.0	0.0	1895.0	0.0	0.0	0.0	0.0	0.0	962.0	0.0	0.0	0.0	0.0	0.0	0.0
"Pseudomonas mendocina"	0.0	0.0	0.0	0.0	675.0	0.0	0.0	0.0	0.0	0.0	2828.0	0.0	0.0	0.0	0.0	0.0	0.0
"Pseudomonas oleovorans"	0.0	0.0	0.0	0.0	0.0	0.0	0.0	0.0	0.0	0.0	243.0	0.0	0.0	0.0	0.0	0.0	0.0
"Pseudomonas azotifigens"	0.0	0.0	0.0	0.0	0.0	0.0	0.0	0.0	0.0	0.0	2001.0	0.0	0.0	0.0	0.0	0.0	0.0
"Pseudomonas entomophila"	0.0	0.0	0.0	0.0	620.0	0.0	0.0	0.0	0.0	0.0	0.0	0.0	0.0	0.0	0.0	0.0	0.0
"Pseudomonas fluorescens"	0.0	1269.0	9692.0	4719.0	23998.0	0.0	0.0	462.0	1480.0	9339.0	336.0	0.0	6782.0	0.0	0.0	0.0	0.0
"Pseudomonas mandelii"	0.0	0.0	0.0	0.0	0.0	0.0	0.0	0.0	0.0	837.0	0.0	0.0	0.0	0.0	0.0	0.0	0.0
"Pseudomonas guariconensis"	0.0	0.0	0.0	0.0	14984.0	409.0	0.0	821.0	0.0	0.0	3203.0	0.0	2730.0	0.0	433.0	0.0	0.0
"Pseudomonas pharmacofabricae"	0.0	0.0	0.0	0.0	0.0	0.0	0.0	0.0	0.0	0.0	853.0	0.0	0.0	0.0	0.0	0.0	0.0
"Pseudomonas monteilii"	0.0	0.0	0.0	0.0	1132.0	0.0	0.0	0.0	0.0	0.0	0.0	0.0	0.0	0.0	0.0	0.0	0.0
"Pseudomonas mosselii"	0.0	0.0	0.0	0.0	445.0	0.0	0.0	0.0	0.0	0.0	0.0	0.0	0.0	0.0	0.0	0.0	0.0
"Pseudomonas oryzihabitans"	0.0	0.0	0.0	0.0	0.0	0.0	0.0	0.0	0.0	0.0	1811.0	0.0	0.0	0.0	0.0	0.0	0.0
"Pseudomonas plecoglossicida"	0.0	0.0	0.0	0.0	1306.0	0.0	0.0	0.0	0.0	0.0	748.0	0.0	0.0	0.0	0.0	0.0	0.0
"Pseudomonas putida"	0.0	0.0	0.0	0.0	1372.0	0.0	0.0	0.0	0.0	0.0	544.0	0.0	0.0	0.0	0.0	0.0	0.0
"Pseudomonas stutzeri"	0.0	0.0	0.0	0.0	568.0	0.0	0.0	0.0	0.0	0.0	1943.0	0.0	0.0	0.0	0.0	0.0	0.0
"Pseudomonas syringae"	14114.0	16656.0	37255.0	16040.0	7166.0	100076.0	14196.0	304195.0	14000.0	19562.0	2334.0	66726.0	46872.0	11302.0	9509.0	30098.0	192.0
"Pseudomonas sp. 24 E 13"	321052.0	93827.0	167873.0	170049.0	69407.0	646.0	3262.0	543.0	161184.0	180041.0	359.0	638.0	106368.0	229406.0	56964.0	258362.0	75.0
"Pseudomonas sp. HMSC08G10"	0.0	0.0	0.0	0.0	1838.0	0.0	0.0	0.0	0.0	0.0	891.0	0.0	0.0	0.0	0.0	0.0	0.0
"Pseudomonas sp. JY-Q"	0.0	0.0	0.0	0.0	0.0	0.0	0.0	0.0	0.0	0.0	292.0	0.0	0.0	0.0	0.0	0.0	0.0
"Francisellaceae bacterium"	454631.0	113134.0	182121.0	231154.0	61634.0	157695.0	306305.0	186715.0	190783.0	210007.0	49647.0	120994.0	117019.0	248767.0	29842.0	109203.0	4879.0
"Vibrio breoganii"	0.0	0.0	0.0	0.0	0.0	0.0	0.0	0.0	0.0	0.0	82.0	0.0	0.0	0.0	0.0	0.0	0.0
"Vibrio cholerae"	0.0	0.0	0.0	0.0	0.0	0.0	0.0	526.0	0.0	0.0	0.0	0.0	0.0	0.0	0.0	0.0	0.0
"Rhodanobacter denitrificans"	0.0	0.0	0.0	0.0	485.0	0.0	0.0	0.0	0.0	0.0	0.0	0.0	0.0	0.0	0.0	0.0	0.0
"Rhodanobacter sp. Soil772"	0.0	0.0	0.0	0.0	826.0	0.0	0.0	0.0	0.0	0.0	0.0	0.0	0.0	0.0	0.0	0.0	0.0
"Rudaea cellulosilytica"	0.0	0.0	0.0	0.0	475.0	0.0	0.0	0.0	0.0	0.0	0.0	0.0	0.0	0.0	0.0	0.0	0.0
"Arenimonas caeni"	0.0	0.0	0.0	0.0	922.0	0.0	0.0	0.0	0.0	0.0	0.0	0.0	0.0	0.0	0.0	0.0	0.0
"Arenimonas composti"	0.0	0.0	0.0	0.0	703.0	0.0	0.0	0.0	0.0	0.0	0.0	0.0	0.0	0.0	0.0	0.0	0.0
"Luteimonas mephitis"	0.0	0.0	0.0	0.0	910.0	0.0	0.0	0.0	0.0	0.0	0.0	0.0	0.0	0.0	0.0	0.0	0.0
"Lysobacter antibioticus"	0.0	0.0	0.0	0.0	409.0	0.0	0.0	0.0	0.0	0.0	0.0	0.0	0.0	0.0	0.0	0.0	0.0
"Lysobacter capsici"	0.0	0.0	0.0	0.0	643.0	0.0	0.0	0.0	0.0	0.0	0.0	0.0	0.0	0.0	0.0	0.0	0.0
"Lysobacter enzymogenes"	0.0	0.0	0.0	0.0	965.0	0.0	0.0	0.0	0.0	0.0	0.0	0.0	0.0	0.0	0.0	0.0	0.0
"Lysobacter maris"	0.0	0.0	0.0	0.0	394.0	0.0	0.0	0.0	0.0	0.0	0.0	0.0	0.0	0.0	0.0	0.0	0.0
"Pseudoxanthomonas sp. CF125"	0.0	0.0	0.0	0.0	422.0	0.0	0.0	0.0	0.0	0.0	0.0	0.0	0.0	0.0	0.0	0.0	0.0
"Pseudoxanthomonas sp. Root65"	0.0	0.0	0.0	0.0	435.0	0.0	0.0	0.0	0.0	0.0	0.0	0.0	0.0	0.0	0.0	0.0	0.0
"Stenotrophomonas maltophilia"	0.0	0.0	0.0	0.0	3757.0	0.0	0.0	0.0	0.0	0.0	0.0	0.0	0.0	0.0	0.0	0.0	0.0
"Stenotrophomonas rhizophila"	0.0	0.0	0.0	0.0	1267.0	0.0	0.0	0.0	0.0	0.0	0.0	0.0	0.0	0.0	0.0	0.0	0.0
"Stenotrophomonas sp. 92mfcol6.1"	0.0	0.0	0.0	0.0	650.0	0.0	0.0	0.0	0.0	0.0	0.0	0.0	0.0	0.0	0.0	0.0	0.0
"Stenotrophomonas sp. MYb57"	0.0	0.0	0.0	0.0	428.0	0.0	0.0	0.0	0.0	0.0	0.0	0.0	0.0	0.0	0.0	0.0	0.0
"Thermomonas haemolytica"	0.0	0.0	0.0	0.0	514.0	0.0	0.0	0.0	0.0	0.0	0.0	0.0	0.0	0.0	0.0	0.0	0.0
"Bdellovibrio bacteriovorus"	0.0	0.0	0.0	0.0	687.0	0.0	0.0	0.0	0.0	0.0	0.0	0.0	0.0	0.0	0.0	0.0	0.0
"Gemmata obscuriglobus"	0.0	0.0	0.0	0.0	2489.0	0.0	0.0	0.0	0.0	0.0	0.0	0.0	0.0	0.0	0.0	0.0	0.0
"Gemmata sp. SH-PL17"	0.0	0.0	0.0	0.0	1204.0	0.0	0.0	0.0	0.0	0.0	0.0	0.0	0.0	0.0	0.0	0.0	0.0
"Paludisphaera borealis"	0.0	0.0	0.0	0.0	484.0	0.0	0.0	0.0	0.0	0.0	0.0	0.0	0.0	0.0	0.0	0.0	0.0
"Singulisphaera acidiphila"	0.0	0.0	0.0	0.0	785.0	0.0	0.0	0.0	0.0	0.0	0.0	0.0	0.0	0.0	0.0	0.0	0.0
"Opitutus sp. GAS368"	0.0	0.0	0.0	0.0	830.0	0.0	0.0	0.0	0.0	0.0	0.0	0.0	0.0	0.0	0.0	0.0	0.0
"Roseimicrobium gellanilyticum"	0.0	0.0	0.0	0.0	722.0	0.0	0.0	0.0	0.0	0.0	0.0	0.0	0.0	0.0	0.0	0.0	0.0
"Leptospira alstonii"	0.0	0.0	0.0	0.0	397.0	0.0	0.0	0.0	0.0	0.0	0.0	0.0	0.0	0.0	0.0	0.0	0.0
"Leptospira interrogans"	0.0	0.0	0.0	0.0	0.0	0.0	0.0	0.0	0.0	0.0	0.0	0.0	0.0	0.0	0.0	0.0	89.0
"Treponema denticola"	11680.0	3857.0	20952.0	4402.0	4029.0	14909.0	370.0	11041.0	10225.0	10448.0	0.0	5014.0	17201.0	22240.0	6410.0	31592.0	0.0
"Treponema lecithinolyticum"	3179.0	0.0	15275.0	1899.0	0.0	1827.0	0.0	514.0	3915.0	1928.0	0.0	2624.0	2423.0	1784.0	495.0	688.0	0.0
"Treponema maltophilum"	9782.0	6745.0	16459.0	3781.0	1080.0	6787.0	424.0	4032.0	11612.0	6924.0	0.0	2945.0	17879.0	33061.0	4783.0	16847.0	0.0
"Treponema medium"	0.0	0.0	961.0	0.0	0.0	325.0	0.0	0.0	0.0	0.0	0.0	0.0	741.0	0.0	0.0	632.0	0.0
"Treponema pedis"	12520.0	0.0	1942.0	3283.0	0.0	1093.0	0.0	0.0	2002.0	1333.0	0.0	1216.0	1032.0	0.0	2840.0	0.0	0.0
"Treponema putidum"	0.0	0.0	1188.0	0.0	0.0	695.0	0.0	457.0	0.0	0.0	0.0	251.0	709.0	1183.0	487.0	1052.0	0.0
"Treponema socranskii"	14395.0	8542.0	40530.0	7688.0	2520.0	17521.0	405.0	9974.0	19250.0	9524.0	0.0	7216.0	25603.0	31046.0	54672.0	23194.0	0.0
"Treponema vincentii"	0.0	0.0	0.0	0.0	0.0	0.0	0.0	0.0	0.0	0.0	0.0	0.0	936.0	0.0	382.0	0.0	0.0
"Treponema sp. OMZ 838"	0.0	0.0	0.0	0.0	0.0	0.0	0.0	744.0	0.0	0.0	0.0	0.0	1288.0	2344.0	0.0	1345.0	0.0
"Aminobacterium colombiense"	0.0	0.0	0.0	0.0	0.0	447.0	0.0	0.0	0.0	0.0	0.0	0.0	0.0	0.0	0.0	0.0	0.0
"Aminomonas paucivorans"	1504.0	0.0	2660.0	609.0	0.0	1388.0	0.0	0.0	1580.0	854.0	0.0	590.0	926.0	0.0	386.0	0.0	0.0
"Cloacibacillus evryensis"	0.0	0.0	0.0	0.0	0.0	0.0	0.0	0.0	0.0	0.0	0.0	215.0	0.0	0.0	0.0	0.0	0.0
"Cloacibacillus porcorum"	0.0	0.0	1606.0	0.0	0.0	647.0	0.0	0.0	889.0	0.0	0.0	481.0	0.0	0.0	0.0	0.0	0.0
"Jonquetella anthropi"	10209.0	0.0	2035.0	2639.0	0.0	1322.0	0.0	0.0	1405.0	1157.0	0.0	919.0	925.0	0.0	4203.0	0.0	0.0
"Synergistes sp. 3_1_syn1"	1319.0	0.0	969.0	0.0	0.0	0.0	0.0	0.0	0.0	0.0	0.0	261.0	0.0	0.0	0.0	0.0	0.0
"Thermanaerovibrio acidaminovorans"	0.0	0.0	1269.0	0.0	0.0	709.0	0.0	0.0	776.0	0.0	0.0	276.0	0.0	0.0	0.0	0.0	0.0
"Candidatus Microthrix parvicella"	0.0	0.0	0.0	0.0	1190.0	0.0	0.0	0.0	0.0	0.0	0.0	0.0	0.0	0.0	0.0	0.0	0.0
"Actinobaculum sp. oral taxon 183"	0.0	0.0	0.0	0.0	0.0	0.0	0.0	0.0	0.0	0.0	0.0	0.0	0.0	1287.0	0.0	0.0	0.0
"Actinomyces bouchesdurhonensis"	0.0	2527.0	0.0	0.0	0.0	0.0	0.0	0.0	0.0	0.0	0.0	0.0	1430.0	3017.0	0.0	0.0	0.0
"Actinomyces culturomici"	0.0	881.0	0.0	0.0	0.0	0.0	0.0	883.0	0.0	0.0	0.0	0.0	812.0	0.0	0.0	2040.0	0.0
"Actinomyces dentalis"	95039.0	31017.0	104856.0	273073.0	266337.0	287528.0	3368.0	111801.0	534267.0	451992.0	0.0	44687.0	327201.0	390721.0	152218.0	174697.0	0.0
"Actinomyces gerencseriae"	2769.0	8507.0	5621.0	5074.0	16069.0	40748.0	0.0	2831.0	17899.0	14403.0	0.0	1076.0	13100.0	11720.0	2162.0	9295.0	0.0
"Actinomyces glycerinitolerans"	0.0	0.0	0.0	0.0	0.0	475.0	0.0	0.0	0.0	762.0	0.0	0.0	0.0	0.0	396.0	0.0	0.0
"Actinomyces israelii"	24960.0	17639.0	169962.0	33967.0	2438.0	4074.0	0.0	1259.0	198956.0	15159.0	0.0	5527.0	158026.0	82538.0	5057.0	3232.0	0.0
"Actinomyces johnsonii"	0.0	67224.0	975.0	0.0	0.0	623.0	0.0	701.0	1474.0	1292.0	0.0	0.0	7721.0	4971.0	1614.0	8758.0	0.0
"Actinomyces massiliensis"	1434.0	9846.0	3151.0	1029.0	693.0	1709.0	446.0	1249.0	11898.0	2787.0	0.0	525.0	9768.0	26159.0	1452.0	10922.0	0.0
"Actinomyces naeslundii"	2271.0	241363.0	3464.0	1942.0	1690.0	2932.0	273.0	2186.0	5448.0	4919.0	0.0	405.0	27230.0	26446.0	6012.0	28740.0	0.0
"Actinomyces oris"	2614.0	168806.0	4300.0	2016.0	1600.0	2156.0	247.0	4063.0	11172.0	5723.0	0.0	442.0	85458.0	15392.0	29755.0	16572.0	0.0
"Actinomyces radicidentis"	1211.0	4261.0	1862.0	0.0	0.0	409.0	0.0	0.0	855.0	2169.0	0.0	0.0	4977.0	4219.0	1278.0	1588.0	0.0
"Actinomyces ruminicola"	1955.0	1863.0	3034.0	1385.0	1059.0	2086.0	0.0	686.0	2365.0	4392.0	0.0	313.0	3433.0	3352.0	1738.0	1451.0	0.0
"Actinomyces slackii"	4225.0	2408.0	6433.0	701.0	0.0	545.0	0.0	0.0	1115.0	7024.0	0.0	243.0	2914.0	3040.0	4197.0	726.0	0.0
"Actinomyces timonensis"	1301.0	3314.0	1830.0	1900.0	387.0	554.0	0.0	0.0	1122.0	2273.0	0.0	0.0	2766.0	2183.0	1186.0	938.0	0.0
"Actinomyces urogenitalis"	1118.0	2480.0	1491.0	0.0	0.0	677.0	0.0	0.0	805.0	1929.0	0.0	0.0	3239.0	3638.0	1074.0	1453.0	0.0
"Actinomyces viscosus"	0.0	7190.0	0.0	0.0	0.0	0.0	0.0	0.0	0.0	0.0	0.0	0.0	3088.0	0.0	1410.0	638.0	0.0
"Actinomyces sp. HMSC035G02"	0.0	5386.0	0.0	0.0	0.0	0.0	0.0	0.0	0.0	0.0	0.0	0.0	884.0	1165.0	0.0	0.0	0.0
"Actinomyces sp. HMSC075C01"	0.0	10990.0	0.0	0.0	0.0	0.0	0.0	0.0	1368.0	0.0	0.0	0.0	3339.0	1135.0	1400.0	1394.0	0.0
"Actinomyces sp. HMSC08A09"	0.0	5617.0	0.0	0.0	0.0	0.0	0.0	0.0	0.0	0.0	0.0	0.0	2843.0	0.0	1396.0	616.0	0.0
"Actinomyces sp. HPA0247"	0.0	6636.0	0.0	0.0	0.0	0.0	0.0	0.0	0.0	0.0	0.0	0.0	1156.0	1673.0	0.0	0.0	0.0
"Actinomyces sp. oral taxon 170"	0.0	124872.0	934.0	0.0	401.0	654.0	0.0	0.0	1381.0	1182.0	0.0	0.0	10909.0	5712.0	774.0	9747.0	0.0
"Actinomyces sp. oral taxon 171"	0.0	36529.0	0.0	0.0	0.0	0.0	0.0	0.0	866.0	0.0	0.0	0.0	8165.0	1954.0	1307.0	2986.0	0.0
"Actinomyces sp. oral taxon 172"	0.0	6971.0	0.0	0.0	0.0	0.0	260.0	0.0	0.0	0.0	0.0	0.0	4052.0	6569.0	643.0	1142.0	0.0
"Actinomyces sp. oral taxon 178"	0.0	0.0	0.0	0.0	0.0	0.0	0.0	0.0	0.0	0.0	0.0	0.0	3338.0	2199.0	0.0	0.0	0.0
"Actinomyces sp. oral taxon 180"	0.0	1530.0	0.0	0.0	0.0	0.0	0.0	0.0	0.0	0.0	0.0	0.0	0.0	0.0	0.0	0.0	0.0
"Actinomyces sp. oral taxon 414"	38333.0	24603.0	38103.0	101218.0	114143.0	150883.0	4215.0	69509.0	209618.0	171590.0	0.0	16778.0	195716.0	325767.0	48811.0	131933.0	0.0
"Actinomyces sp. oral taxon 448"	0.0	1433.0	1517.0	903.0	1009.0	1387.0	0.0	447.0	2528.0	2594.0	0.0	0.0	2320.0	2000.0	730.0	854.0	0.0
"Actinomyces sp. oral taxon 848"	0.0	1069.0	0.0	0.0	0.0	0.0	0.0	0.0	0.0	0.0	778.0	0.0	0.0	4077.0	0.0	1120.0	0.0
"Actinomyces sp. oral taxon 849"	0.0	27781.0	0.0	0.0	0.0	0.0	0.0	0.0	0.0	0.0	0.0	0.0	3520.0	2145.0	396.0	3735.0	0.0
"Actinomyces sp. oral taxon 877"	0.0	0.0	0.0	0.0	426.0	337.0	0.0	0.0	1049.0	977.0	0.0	0.0	12416.0	8739.0	0.0	1874.0	0.0
"Actinomyces sp. oral taxon 897"	4584.0	5678.0	7136.0	1982.0	1726.0	2376.0	0.0	803.0	18481.0	12069.0	0.0	574.0	70351.0	74241.0	15902.0	1994.0	0.0
"Bowdeniella nasicola"	0.0	0.0	0.0	0.0	0.0	404.0	0.0	0.0	0.0	0.0	0.0	0.0	0.0	0.0	0.0	0.0	0.0
"Mobiluncus curtisii"	18.0	0.0	0.0	0.0	0.0	0.0	0.0	0.0	0.0	0.0	0.0	0.0	0.0	0.0	0.0	0.0	0.0
"Mobiluncus holmesii"	1348.0	0.0	0.0	0.0	0.0	0.0	0.0	0.0	0.0	0.0	0.0	0.0	0.0	0.0	0.0	0.0	0.0
"Schaalia cardiffensis"	18499.0	3289.0	70788.0	3764.0	1486.0	18173.0	17178.0	201328.0	11164.0	94614.0	0.0	11484.0	3249.0	181413.0	19357.0	7744.0	0.0
"Schaalia georgiae"	0.0	0.0	0.0	0.0	735.0	0.0	0.0	0.0	0.0	2210.0	0.0	0.0	3082.0	3702.0	0.0	1124.0	0.0
"Schaalia odontolytica"	0.0	64817.0	0.0	0.0	0.0	0.0	401.0	0.0	0.0	0.0	0.0	0.0	9561.0	5429.0	975.0	1828.0	0.0
"Actinomycetales bacterium"	0.0	0.0	0.0	0.0	488.0	0.0	0.0	0.0	0.0	0.0	0.0	0.0	0.0	0.0	0.0	0.0	0.0
"Alloscardovia omnicolens"	0.0	0.0	0.0	0.0	0.0	0.0	0.0	0.0	0.0	0.0	0.0	324.0	0.0	0.0	0.0	0.0	0.0
"Bifidobacterium thermophilum"	0.0	0.0	0.0	0.0	0.0	0.0	0.0	0.0	0.0	0.0	0.0	0.0	0.0	0.0	612.0	0.0	0.0
"Gardnerella vaginalis"	0.0	0.0	0.0	0.0	0.0	0.0	0.0	0.0	0.0	0.0	0.0	800.0	0.0	0.0	0.0	0.0	67.0
"Corynebacterium casei"	0.0	0.0	0.0	0.0	1626.0	0.0	0.0	0.0	0.0	0.0	0.0	0.0	0.0	0.0	0.0	0.0	0.0
"Corynebacterium durum"	0.0	65655.0	0.0	0.0	0.0	0.0	0.0	0.0	0.0	0.0	0.0	0.0	797.0	6232.0	0.0	0.0	0.0
"Corynebacterium matruchotii"	0.0	31128.0	0.0	0.0	0.0	858.0	810.0	3154.0	0.0	0.0	0.0	0.0	86566.0	90690.0	0.0	58941.0	0.0
"Corynebacterium provencense"	0.0	0.0	0.0	0.0	0.0	0.0	273.0	0.0	0.0	0.0	0.0	0.0	0.0	0.0	0.0	0.0	518.0
"Corynebacterium stationis"	0.0	0.0	0.0	0.0	518.0	0.0	0.0	0.0	0.0	0.0	0.0	0.0	0.0	0.0	0.0	0.0	0.0
"Corynebacterium striatum"	0.0	0.0	0.0	0.0	0.0	0.0	0.0	0.0	0.0	0.0	975.0	0.0	0.0	0.0	0.0	0.0	0.0
"Corynebacterium sp. HMSC064E08"	0.0	0.0	0.0	0.0	0.0	0.0	0.0	0.0	0.0	0.0	0.0	381.0	0.0	0.0	0.0	0.0	0.0
"Gordonia terrae"	0.0	0.0	0.0	0.0	0.0	0.0	0.0	0.0	0.0	0.0	1989.0	0.0	0.0	0.0	0.0	0.0	0.0
"Mycobacterium tuberculosis"	0.0	0.0	0.0	0.0	0.0	0.0	0.0	0.0	0.0	0.0	1562.0	0.0	0.0	0.0	0.0	0.0	0.0
"Mycolicibacterium chubuense"	0.0	0.0	0.0	0.0	0.0	0.0	0.0	0.0	0.0	0.0	106.0	0.0	0.0	0.0	0.0	0.0	0.0
"Mycolicibacterium houstonense"	0.0	0.0	0.0	0.0	0.0	0.0	4823.0	0.0	0.0	0.0	0.0	0.0	0.0	0.0	0.0	0.0	0.0
"Mycolicibacterium peregrinum"	0.0	0.0	0.0	0.0	982.0	0.0	0.0	0.0	0.0	0.0	0.0	0.0	0.0	0.0	0.0	0.0	0.0
"Nocardia sp. Root136"	0.0	0.0	0.0	0.0	6036.0	0.0	0.0	0.0	0.0	0.0	1137.0	0.0	0.0	0.0	0.0	0.0	0.0
"Rhodococcus hoagii"	0.0	0.0	0.0	0.0	1203.0	0.0	0.0	0.0	0.0	0.0	0.0	0.0	0.0	0.0	0.0	0.0	0.0
"Williamsia marianensis"	0.0	0.0	0.0	0.0	574.0	0.0	0.0	0.0	0.0	0.0	0.0	0.0	0.0	0.0	0.0	0.0	0.0
"Tsukamurella tyrosinosolvens"	0.0	0.0	0.0	0.0	0.0	0.0	0.0	0.0	0.0	0.0	1752.0	0.0	0.0	0.0	0.0	0.0	0.0
"Modestobacter sp. DSM 44400"	0.0	0.0	0.0	0.0	369.0	0.0	0.0	0.0	0.0	0.0	0.0	0.0	0.0	0.0	0.0	0.0	0.0
"Angustibacter sp. Root456"	0.0	0.0	0.0	0.0	738.0	0.0	0.0	0.0	0.0	0.0	0.0	0.0	0.0	0.0	0.0	0.0	0.0
"Kineococcus radiotolerans"	0.0	0.0	0.0	0.0	0.0	0.0	0.0	0.0	0.0	0.0	119.0	0.0	0.0	0.0	0.0	0.0	0.0
"Kineosporia sp. R_H_3"	0.0	0.0	0.0	0.0	446.0	0.0	0.0	0.0	0.0	0.0	0.0	0.0	0.0	0.0	0.0	0.0	0.0
"Brevibacterium aurantiacum"	0.0	0.0	0.0	0.0	813.0	0.0	0.0	0.0	0.0	0.0	0.0	0.0	0.0	0.0	0.0	0.0	0.0
"Brevibacterium epidermidis"	0.0	0.0	0.0	0.0	372.0	0.0	0.0	0.0	0.0	0.0	0.0	0.0	0.0	0.0	0.0	0.0	0.0
"Cellulomonas flavigena"	0.0	1941.0	0.0	0.0	0.0	0.0	0.0	0.0	0.0	0.0	0.0	0.0	0.0	0.0	0.0	0.0	0.0
"Brachybacterium alimentarium"	0.0	0.0	0.0	0.0	2474.0	0.0	0.0	0.0	0.0	0.0	0.0	0.0	0.0	0.0	0.0	0.0	0.0
"Brachybacterium ginsengisoli"	0.0	0.0	0.0	0.0	442.0	0.0	0.0	0.0	0.0	0.0	0.0	0.0	0.0	0.0	0.0	0.0	0.0
"Brachybacterium saurashtrense"	0.0	0.0	0.0	0.0	379.0	0.0	0.0	0.0	0.0	0.0	0.0	0.0	0.0	0.0	0.0	0.0	0.0
"Janibacter indicus"	0.0	0.0	0.0	0.0	958.0	0.0	0.0	0.0	0.0	0.0	1680.0	0.0	0.0	0.0	0.0	0.0	0.0
"Janibacter melonis"	0.0	0.0	0.0	0.0	0.0	0.0	0.0	0.0	0.0	0.0	1222.0	0.0	0.0	0.0	0.0	0.0	0.0
"Janibacter sp. HTCC2649"	0.0	0.0	0.0	0.0	388.0	0.0	0.0	0.0	0.0	0.0	0.0	0.0	0.0	0.0	0.0	0.0	0.0
"Phycicoccus sp. Root563"	0.0	0.0	0.0	0.0	1221.0	0.0	0.0	0.0	0.0	0.0	0.0	0.0	0.0	0.0	0.0	0.0	0.0
"Phycicoccus sp. Soil803"	0.0	0.0	0.0	0.0	406.0	0.0	0.0	0.0	0.0	0.0	0.0	0.0	0.0	0.0	0.0	0.0	0.0
"Tetrasphaera sp. Soil756"	0.0	0.0	0.0	0.0	4524.0	0.0	0.0	0.0	0.0	0.0	0.0	0.0	0.0	0.0	0.0	0.0	0.0
"Kytococcus sedentarius"	0.0	4284.0	0.0	0.0	0.0	0.0	0.0	0.0	0.0	0.0	0.0	0.0	1145.0	2596.0	0.0	0.0	0.0
"Microbacterium foliorum"	0.0	0.0	0.0	0.0	1333.0	0.0	0.0	0.0	0.0	0.0	0.0	0.0	0.0	0.0	0.0	0.0	0.0
"Microbacterium sp. AR7-10"	0.0	0.0	0.0	0.0	476.0	0.0	0.0	0.0	0.0	0.0	0.0	0.0	0.0	0.0	0.0	0.0	0.0
"Yonghaparkia sp. Root332"	0.0	0.0	0.0	0.0	527.0	0.0	0.0	0.0	0.0	0.0	0.0	0.0	0.0	0.0	0.0	0.0	0.0
"Arthrobacter sp. 135MFCol5.1"	0.0	0.0	0.0	0.0	449.0	0.0	0.0	0.0	0.0	0.0	0.0	0.0	0.0	0.0	0.0	0.0	0.0
"Arthrobacter sp. EpRS66"	0.0	0.0	0.0	0.0	1449.0	0.0	0.0	0.0	0.0	0.0	0.0	0.0	0.0	0.0	0.0	0.0	0.0
"Arthrobacter sp. MYb222"	0.0	0.0	0.0	0.0	1011.0	0.0	0.0	0.0	0.0	0.0	0.0	0.0	0.0	0.0	0.0	0.0	0.0
"Arthrobacter sp. OY3WO11"	0.0	0.0	0.0	0.0	963.0	0.0	0.0	0.0	0.0	0.0	0.0	0.0	0.0	0.0	0.0	0.0	0.0
"Arthrobacter sp. PGP41"	0.0	0.0	0.0	0.0	684.0	0.0	0.0	0.0	0.0	0.0	0.0	0.0	0.0	0.0	0.0	0.0	0.0
"Arthrobacter sp. RC1.1"	0.0	0.0	0.0	0.0	450.0	0.0	0.0	0.0	0.0	0.0	0.0	0.0	0.0	0.0	0.0	0.0	0.0
"Arthrobacter sp. UCD-GKA"	0.0	0.0	0.0	0.0	1520.0	0.0	0.0	0.0	0.0	0.0	199.0	0.0	0.0	0.0	0.0	0.0	0.0
"Arthrobacter sp. YC-RL1"	0.0	0.0	0.0	0.0	720.0	0.0	0.0	0.0	0.0	0.0	0.0	0.0	0.0	0.0	0.0	0.0	0.0
"Glutamicibacter arilaitensis"	0.0	0.0	0.0	0.0	1213.0	0.0	0.0	0.0	0.0	0.0	0.0	0.0	0.0	0.0	0.0	0.0	0.0
"Glutamicibacter nicotianae"	0.0	0.0	0.0	0.0	672.0	0.0	0.0	0.0	0.0	0.0	0.0	0.0	0.0	0.0	0.0	0.0	0.0
"Kocuria sp. UCD-OTCP"	0.0	0.0	0.0	0.0	0.0	0.0	0.0	0.0	0.0	0.0	389.0	0.0	0.0	0.0	0.0	0.0	0.0
"Pseudarthrobacter sulfonivorans"	0.0	0.0	0.0	0.0	461.0	0.0	0.0	0.0	0.0	0.0	0.0	0.0	0.0	0.0	0.0	0.0	0.0
"Rothia aeria"	0.0	121099.0	0.0	0.0	0.0	0.0	0.0	0.0	0.0	0.0	0.0	0.0	3215.0	1176.0	0.0	0.0	0.0
"Rothia dentocariosa"	0.0	2600.0	0.0	0.0	0.0	0.0	283.0	0.0	0.0	0.0	0.0	0.0	0.0	0.0	0.0	0.0	0.0
"Rothia sp. HMSC036D11"	0.0	950.0	0.0	0.0	0.0	0.0	0.0	0.0	0.0	0.0	0.0	0.0	0.0	0.0	0.0	0.0	0.0
"Rothia sp. HMSC064D08"	0.0	938.0	0.0	0.0	0.0	0.0	0.0	0.0	0.0	0.0	0.0	0.0	0.0	0.0	0.0	0.0	0.0
"Rothia sp. HMSC067H10"	0.0	1132.0	0.0	0.0	0.0	0.0	0.0	0.0	0.0	0.0	0.0	0.0	0.0	0.0	0.0	0.0	0.0
"Rothia sp. HMSC069C01"	0.0	747.0	0.0	0.0	0.0	0.0	0.0	0.0	0.0	0.0	0.0	0.0	0.0	0.0	0.0	0.0	0.0
"Cellulosimicrobium cellulans"	0.0	0.0	0.0	0.0	1012.0	0.0	0.0	0.0	0.0	0.0	0.0	0.0	0.0	0.0	0.0	0.0	0.0
"Cellulosimicrobium sp. TH-20"	0.0	0.0	0.0	0.0	1537.0	0.0	0.0	0.0	0.0	0.0	0.0	0.0	0.0	0.0	0.0	0.0	0.0
"Krasilnikoviella flava"	0.0	0.0	0.0	0.0	841.0	0.0	0.0	0.0	0.0	0.0	0.0	0.0	0.0	0.0	0.0	0.0	0.0
"Promicromonospora kroppenstedtii"	0.0	0.0	0.0	0.0	376.0	0.0	0.0	0.0	0.0	0.0	0.0	0.0	0.0	0.0	0.0	0.0	0.0
"Xylanimonas cellulosilytica"	0.0	4902.0	0.0	0.0	0.0	0.0	0.0	0.0	0.0	0.0	0.0	0.0	827.0	1248.0	0.0	0.0	0.0
"Sanguibacter keddieii"	0.0	5125.0	0.0	0.0	0.0	0.0	0.0	0.0	0.0	0.0	0.0	0.0	955.0	1287.0	0.0	0.0	0.0
"Sanguibacter massiliensis"	0.0	0.0	0.0	0.0	418.0	0.0	0.0	0.0	0.0	0.0	0.0	0.0	0.0	0.0	0.0	0.0	0.0
"Kribbella flavida"	0.0	0.0	0.0	0.0	702.0	0.0	0.0	0.0	0.0	0.0	0.0	0.0	0.0	0.0	0.0	0.0	0.0
"Marmoricola ginsengisoli"	0.0	0.0	0.0	0.0	1297.0	0.0	0.0	0.0	0.0	0.0	0.0	0.0	0.0	0.0	0.0	0.0	0.0
"Marmoricola scoriae"	0.0	0.0	0.0	0.0	1038.0	0.0	0.0	0.0	0.0	0.0	0.0	0.0	0.0	0.0	0.0	0.0	0.0
"Marmoricola solisilvae"	0.0	0.0	0.0	0.0	1719.0	0.0	0.0	0.0	0.0	0.0	0.0	0.0	0.0	0.0	0.0	0.0	0.0
"Marmoricola sp. Leaf446"	0.0	0.0	0.0	0.0	991.0	0.0	0.0	0.0	0.0	0.0	0.0	0.0	0.0	0.0	0.0	0.0	0.0
"Marmoricola sp. URHB0036"	0.0	0.0	0.0	0.0	496.0	0.0	0.0	0.0	0.0	0.0	0.0	0.0	0.0	0.0	0.0	0.0	0.0
"Nocardioides alkalitolerans"	0.0	0.0	0.0	0.0	1061.0	0.0	0.0	0.0	0.0	0.0	0.0	0.0	0.0	0.0	0.0	0.0	0.0
"Nocardioides alpinus"	0.0	0.0	0.0	0.0	13292.0	0.0	0.0	0.0	0.0	0.0	0.0	0.0	1111.0	0.0	0.0	0.0	0.0
"Nocardioides dokdonensis"	0.0	0.0	0.0	0.0	3228.0	0.0	0.0	0.0	0.0	0.0	0.0	0.0	0.0	0.0	0.0	0.0	0.0
"Nocardioides halotolerans"	0.0	0.0	0.0	0.0	1761.0	0.0	0.0	0.0	0.0	0.0	0.0	0.0	0.0	0.0	0.0	0.0	0.0
"Nocardioides insulae"	0.0	0.0	0.0	0.0	605.0	0.0	0.0	0.0	0.0	0.0	0.0	0.0	0.0	0.0	0.0	0.0	0.0
"Nocardioides lianchengensis"	0.0	0.0	0.0	0.0	2208.0	0.0	0.0	0.0	0.0	0.0	0.0	0.0	0.0	0.0	0.0	0.0	0.0
"Nocardioides psychrotolerans"	0.0	0.0	0.0	0.0	13356.0	0.0	0.0	0.0	0.0	867.0	0.0	0.0	1281.0	0.0	0.0	0.0	0.0
"Nocardioides szechwanensis"	0.0	0.0	0.0	0.0	3676.0	0.0	0.0	0.0	0.0	0.0	0.0	0.0	0.0	0.0	0.0	0.0	0.0
"Nocardioides terrae"	0.0	0.0	0.0	0.0	1192.0	0.0	0.0	0.0	0.0	0.0	0.0	0.0	0.0	0.0	0.0	0.0	0.0
"Nocardioides sp. CF8"	0.0	0.0	0.0	0.0	5303.0	0.0	0.0	0.0	0.0	0.0	0.0	0.0	0.0	0.0	0.0	0.0	0.0
"Nocardioides sp. Iso805N"	0.0	0.0	0.0	0.0	692.0	0.0	0.0	0.0	0.0	0.0	0.0	0.0	0.0	0.0	0.0	0.0	0.0
"Nocardioides sp. J54"	0.0	0.0	0.0	0.0	1918.0	0.0	0.0	0.0	0.0	0.0	0.0	0.0	0.0	0.0	0.0	0.0	0.0
"Nocardioides sp. Leaf307"	0.0	0.0	0.0	0.0	2381.0	0.0	0.0	0.0	0.0	0.0	0.0	0.0	0.0	0.0	0.0	0.0	0.0
"Nocardioides sp. Root122"	0.0	0.0	0.0	0.0	6082.0	0.0	0.0	0.0	0.0	0.0	0.0	0.0	0.0	0.0	0.0	0.0	0.0
"Nocardioides sp. Root140"	0.0	0.0	0.0	0.0	540.0	0.0	0.0	0.0	0.0	0.0	0.0	0.0	0.0	0.0	0.0	0.0	0.0
"Nocardioides sp. Root151"	0.0	0.0	0.0	0.0	519.0	0.0	0.0	0.0	0.0	0.0	0.0	0.0	0.0	0.0	0.0	0.0	0.0
"Nocardioides sp. Root190"	0.0	0.0	0.0	0.0	957.0	0.0	0.0	0.0	0.0	0.0	0.0	0.0	0.0	0.0	0.0	0.0	0.0
"Nocardioides sp. Root224"	0.0	0.0	0.0	0.0	1661.0	0.0	0.0	0.0	0.0	0.0	0.0	0.0	0.0	0.0	0.0	0.0	0.0
"Nocardioides sp. Soil777"	0.0	0.0	0.0	0.0	2376.0	0.0	0.0	0.0	0.0	0.0	0.0	0.0	0.0	0.0	0.0	0.0	0.0
"Nocardioides sp. Soil796"	0.0	0.0	0.0	0.0	404.0	0.0	0.0	0.0	0.0	0.0	0.0	0.0	0.0	0.0	0.0	0.0	0.0
"Nocardioides sp. Soil805"	0.0	0.0	0.0	0.0	2257.0	0.0	0.0	0.0	0.0	0.0	0.0	0.0	0.0	0.0	0.0	0.0	0.0
"Nocardioides sp. URHA0020"	0.0	0.0	0.0	0.0	1174.0	0.0	0.0	0.0	0.0	0.0	0.0	0.0	0.0	0.0	0.0	0.0	0.0
"Nocardioides sp. URHA0032"	0.0	0.0	0.0	0.0	994.0	0.0	0.0	0.0	0.0	0.0	0.0	0.0	0.0	0.0	0.0	0.0	0.0
"Pimelobacter simplex"	0.0	0.0	0.0	0.0	2051.0	0.0	0.0	0.0	0.0	0.0	0.0	0.0	0.0	0.0	0.0	0.0	0.0
"Acidipropionibacterium acidipropionici"	0.0	0.0	0.0	0.0	0.0	448.0	0.0	0.0	0.0	0.0	0.0	0.0	0.0	0.0	0.0	0.0	0.0
"Arachnia propionica"	11777.0	367899.0	157695.0	23301.0	18123.0	80159.0	1966.0	51710.0	100846.0	160865.0	0.0	3809.0	426711.0	623092.0	950.0	189639.0	0.0
"Auraticoccus monumenti"	0.0	0.0	0.0	0.0	368.0	0.0	0.0	0.0	0.0	0.0	0.0	0.0	0.0	0.0	0.0	0.0	0.0
"Cutibacterium acnes"	0.0	0.0	0.0	0.0	1170.0	0.0	0.0	0.0	0.0	0.0	356.0	0.0	0.0	0.0	0.0	0.0	0.0
"Granulicoccus phenolivorans"	0.0	0.0	0.0	0.0	0.0	355.0	0.0	0.0	0.0	0.0	0.0	0.0	0.0	0.0	0.0	0.0	0.0
"Propionibacterium acidifaciens"	0.0	0.0	0.0	4013.0	0.0	431.0	0.0	0.0	0.0	0.0	0.0	0.0	1650.0	1911.0	0.0	0.0	0.0
"Propionibacterium australiense"	0.0	0.0	0.0	0.0	0.0	524.0	0.0	0.0	0.0	0.0	0.0	0.0	0.0	0.0	0.0	0.0	0.0
"Propionibacterium cyclohexanicum"	0.0	0.0	0.0	0.0	0.0	500.0	0.0	0.0	0.0	0.0	0.0	0.0	0.0	0.0	0.0	0.0	0.0
"Propionibacterium freudenreichii"	0.0	0.0	0.0	0.0	575.0	1484.0	0.0	582.0	0.0	0.0	0.0	0.0	0.0	0.0	0.0	0.0	0.0
"Propionibacterium sp. oral taxon 192"	0.0	2327.0	1145.0	603.0	968.0	2782.0	0.0	1093.0	765.0	954.0	0.0	0.0	2147.0	6027.0	0.0	2658.0	0.0
"Propionimicrobium lymphophilum"	0.0	0.0	0.0	0.0	0.0	442.0	0.0	0.0	0.0	0.0	0.0	0.0	0.0	0.0	0.0	0.0	0.0
"Tessaracoccus flavescens"	0.0	0.0	0.0	0.0	0.0	0.0	0.0	0.0	0.0	0.0	0.0	0.0	0.0	0.0	391.0	0.0	0.0
"Tessaracoccus sp. T2.5-30"	0.0	0.0	0.0	0.0	407.0	0.0	0.0	0.0	0.0	0.0	0.0	0.0	0.0	0.0	0.0	0.0	0.0
"Actinokineospora alba"	0.0	0.0	0.0	0.0	458.0	0.0	0.0	0.0	0.0	0.0	0.0	0.0	0.0	0.0	0.0	0.0	0.0
"Actinokineospora bangkokensis"	0.0	0.0	0.0	0.0	619.0	0.0	0.0	0.0	0.0	0.0	0.0	0.0	0.0	0.0	0.0	0.0	0.0
"Actinokineospora enzanensis"	0.0	0.0	0.0	0.0	499.0	0.0	0.0	0.0	0.0	0.0	0.0	0.0	0.0	0.0	0.0	0.0	0.0
"Actinokineospora inagensis"	0.0	0.0	0.0	0.0	551.0	0.0	0.0	0.0	0.0	0.0	0.0	0.0	0.0	0.0	0.0	0.0	0.0
"Actinokineospora iranica"	0.0	0.0	0.0	0.0	656.0	0.0	0.0	0.0	0.0	0.0	0.0	0.0	0.0	0.0	0.0	0.0	0.0
"Alloactinosynnema sp. L-07"	0.0	0.0	0.0	0.0	463.0	0.0	0.0	0.0	0.0	0.0	0.0	0.0	0.0	0.0	0.0	0.0	0.0
"Amycolatopsis thermoflava"	0.0	0.0	0.0	0.0	601.0	0.0	0.0	0.0	0.0	0.0	0.0	0.0	0.0	0.0	0.0	0.0	0.0
"Kibdelosporangium phytohabitans"	0.0	0.0	0.0	0.0	461.0	0.0	0.0	0.0	0.0	0.0	0.0	0.0	0.0	0.0	0.0	0.0	0.0
"Kibdelosporangium sp. MJ126-NF4"	0.0	0.0	0.0	0.0	460.0	0.0	0.0	0.0	0.0	0.0	0.0	0.0	0.0	0.0	0.0	0.0	0.0
"Kutzneria albida"	0.0	0.0	0.0	0.0	597.0	0.0	0.0	0.0	0.0	0.0	0.0	0.0	0.0	0.0	0.0	0.0	0.0
"Pseudonocardia acaciae"	0.0	0.0	0.0	0.0	499.0	0.0	0.0	0.0	0.0	0.0	0.0	0.0	0.0	0.0	0.0	0.0	0.0
"Pseudonocardia sp. CNS-139"	0.0	0.0	0.0	0.0	537.0	0.0	0.0	0.0	0.0	0.0	0.0	0.0	0.0	0.0	0.0	0.0	0.0
"Pseudonocardia sp. N23"	0.0	0.0	0.0	0.0	438.0	0.0	0.0	0.0	0.0	0.0	0.0	0.0	0.0	0.0	0.0	0.0	0.0
"Saccharopolyspora flava"	0.0	0.0	0.0	0.0	0.0	0.0	0.0	0.0	1316.0	0.0	0.0	0.0	0.0	0.0	0.0	0.0	0.0
"Saccharothrix sp. CB00851"	0.0	0.0	0.0	0.0	807.0	0.0	0.0	0.0	0.0	0.0	0.0	0.0	0.0	0.0	0.0	0.0	0.0
"Thermocrispum municipale"	0.0	0.0	0.0	0.0	443.0	0.0	0.0	0.0	0.0	0.0	0.0	0.0	0.0	0.0	0.0	0.0	0.0
"Umezawaea tangerina"	0.0	0.0	0.0	0.0	407.0	0.0	0.0	0.0	0.0	0.0	0.0	0.0	0.0	0.0	0.0	0.0	0.0
"Embleya scabrispora"	0.0	0.0	0.0	0.0	507.0	0.0	0.0	0.0	0.0	0.0	0.0	0.0	0.0	0.0	0.0	0.0	0.0
"Streptomyces rimosus"	0.0	0.0	0.0	0.0	0.0	0.0	0.0	0.0	0.0	0.0	0.0	0.0	0.0	0.0	0.0	0.0	168.0
"Streptomyces sp. cf124"	0.0	0.0	0.0	0.0	0.0	0.0	0.0	0.0	0.0	0.0	201.0	0.0	0.0	0.0	0.0	0.0	0.0
"Sphaerisporangium cinnabarinum"	0.0	0.0	0.0	0.0	1275.0	0.0	0.0	0.0	0.0	0.0	0.0	0.0	0.0	0.0	0.0	0.0	0.0
"Thermomonospora echinospora"	0.0	0.0	0.0	0.0	0.0	0.0	0.0	0.0	0.0	0.0	1437.0	0.0	0.0	0.0	0.0	0.0	0.0
"Atopobium fossor"	1094.0	0.0	0.0	579.0	0.0	0.0	0.0	0.0	0.0	0.0	0.0	271.0	0.0	0.0	0.0	0.0	0.0
"Atopobium sp. HMSC064B08"	0.0	0.0	0.0	0.0	0.0	0.0	0.0	0.0	0.0	0.0	0.0	230.0	0.0	0.0	2580.0	0.0	0.0
"Atopobium sp. oral taxon 199"	1111.0	0.0	0.0	1430.0	0.0	0.0	0.0	0.0	0.0	0.0	0.0	311.0	0.0	0.0	2938.0	0.0	0.0
"Atopobium sp. oral taxon 810"	23758.0	1201.0	803.0	10585.0	395.0	471.0	0.0	524.0	1618.0	6442.0	0.0	1221.0	1251.0	0.0	38336.0	0.0	0.0
"Lancefieldella parvula"	0.0	0.0	0.0	0.0	0.0	0.0	0.0	0.0	0.0	0.0	0.0	0.0	868.0	0.0	0.0	0.0	0.0
"Olsenella massiliensis"	0.0	0.0	0.0	0.0	0.0	0.0	0.0	487.0	810.0	0.0	0.0	0.0	0.0	0.0	1039.0	0.0	0.0
"Olsenella phocaeensis"	0.0	0.0	0.0	575.0	483.0	0.0	0.0	1195.0	1715.0	0.0	0.0	235.0	0.0	0.0	3067.0	0.0	0.0
"Olsenella timonensis"	1320.0	0.0	0.0	943.0	0.0	0.0	0.0	0.0	0.0	0.0	0.0	0.0	0.0	0.0	2332.0	0.0	0.0
"Olsenella uli"	39281.0	1692.0	7635.0	60712.0	1588.0	1288.0	825.0	1791.0	16716.0	29050.0	0.0	3426.0	1451.0	5128.0	22954.0	0.0	0.0
"Olsenella urininfantis"	0.0	0.0	0.0	526.0	696.0	0.0	0.0	1221.0	737.0	0.0	0.0	0.0	0.0	0.0	1053.0	0.0	0.0
"Olsenella sp. DNF00959"	0.0	0.0	0.0	0.0	712.0	0.0	0.0	1011.0	885.0	0.0	0.0	0.0	0.0	0.0	2822.0	0.0	0.0
"Olsenella sp. HMSC062G07"	0.0	0.0	0.0	690.0	385.0	0.0	0.0	544.0	734.0	0.0	0.0	0.0	716.0	0.0	1396.0	0.0	0.0
"Olsenella sp. kh2p3"	0.0	0.0	0.0	0.0	0.0	0.0	0.0	0.0	0.0	0.0	0.0	0.0	0.0	0.0	613.0	0.0	0.0
"Olsenella sp. KH3B4"	0.0	0.0	0.0	0.0	0.0	0.0	0.0	0.0	0.0	0.0	0.0	0.0	0.0	0.0	720.0	0.0	0.0
"Olsenella sp. oral taxon 807"	122455.0	27885.0	118834.0	120468.0	456436.0	166873.0	24989.0	805711.0	671809.0	171428.0	0.0	83353.0	392138.0	639052.0	864005.0	217009.0	0.0
"Olsenella sp. oral taxon 809"	0.0	0.0	0.0	0.0	0.0	0.0	0.0	0.0	0.0	0.0	0.0	0.0	0.0	0.0	2723.0	0.0	0.0
"Parafannyhessea umbonata"	998.0	0.0	0.0	783.0	528.0	0.0	0.0	519.0	677.0	0.0	0.0	0.0	0.0	0.0	1516.0	0.0	0.0
"Parolsenella massiliensis"	0.0	0.0	0.0	0.0	0.0	0.0	0.0	0.0	0.0	0.0	0.0	0.0	0.0	0.0	493.0	0.0	0.0
"Thermophilibacter provencensis"	1293.0	0.0	0.0	1039.0	0.0	0.0	0.0	0.0	0.0	0.0	0.0	0.0	0.0	0.0	1998.0	0.0	0.0
"Collinsella stercoris"	0.0	0.0	0.0	0.0	0.0	0.0	0.0	655.0	0.0	0.0	0.0	0.0	0.0	0.0	0.0	0.0	0.0
"Collinsella vaginalis"	0.0	0.0	0.0	0.0	0.0	0.0	0.0	710.0	0.0	0.0	0.0	0.0	0.0	0.0	0.0	0.0	0.0
"Senegalimassilia anaerobia"	0.0	0.0	0.0	652.0	0.0	0.0	0.0	0.0	0.0	0.0	0.0	0.0	0.0	0.0	0.0	0.0	0.0
"Adlercreutzia caecimuris"	0.0	0.0	0.0	0.0	0.0	349.0	0.0	0.0	0.0	0.0	0.0	0.0	0.0	0.0	0.0	0.0	0.0
"Adlercreutzia mucosicola"	0.0	0.0	0.0	0.0	0.0	392.0	0.0	0.0	0.0	0.0	0.0	0.0	0.0	0.0	0.0	0.0	0.0
"Arabiibacter massiliensis"	0.0	0.0	1122.0	1088.0	0.0	804.0	0.0	755.0	0.0	0.0	0.0	0.0	0.0	0.0	0.0	0.0	0.0
"Berryella intestinalis"	3151.0	0.0	3892.0	3774.0	0.0	3046.0	0.0	2686.0	1995.0	0.0	0.0	363.0	1049.0	0.0	450.0	0.0	0.0
"Denitrobacterium detoxificans"	0.0	0.0	0.0	0.0	0.0	0.0	0.0	651.0	0.0	0.0	0.0	0.0	0.0	0.0	0.0	0.0	0.0
"Eggerthella lenta"	1798.0	0.0	2128.0	2208.0	0.0	1692.0	0.0	1694.0	1178.0	0.0	0.0	208.0	0.0	0.0	554.0	0.0	0.0
"Gordonibacter massiliensis"	1086.0	0.0	1336.0	1303.0	0.0	952.0	0.0	846.0	696.0	0.0	0.0	0.0	0.0	0.0	0.0	0.0	0.0
"Gordonibacter pamelaeae"	0.0	0.0	969.0	989.0	0.0	753.0	0.0	733.0	0.0	0.0	0.0	0.0	0.0	0.0	0.0	0.0	0.0
"Gordonibacter urolithinfaciens"	0.0	0.0	0.0	677.0	0.0	480.0	0.0	443.0	0.0	0.0	0.0	0.0	0.0	0.0	0.0	0.0	0.0
"Paraeggerthella hongkongensis"	1536.0	0.0	1551.0	1901.0	0.0	601.0	0.0	1949.0	1121.0	0.0	0.0	0.0	737.0	1536.0	528.0	0.0	0.0
"Raoultibacter massiliensis"	0.0	0.0	0.0	0.0	0.0	414.0	0.0	0.0	0.0	0.0	0.0	0.0	0.0	0.0	0.0	0.0	0.0
"Raoultibacter timonensis"	0.0	0.0	0.0	615.0	0.0	501.0	0.0	0.0	0.0	0.0	0.0	0.0	0.0	0.0	0.0	0.0	0.0
"Slackia exigua"	5986.0	0.0	4081.0	4949.0	568.0	3489.0	0.0	3756.0	5341.0	6106.0	0.0	620.0	8370.0	7057.0	1972.0	962.0	0.0
"Slackia heliotrinireducens"	0.0	0.0	0.0	643.0	0.0	513.0	0.0	450.0	0.0	0.0	0.0	0.0	0.0	0.0	0.0	0.0	0.0
"Eggerthellaceae bacterium AT8"	0.0	0.0	0.0	0.0	429.0	392.0	0.0	0.0	0.0	0.0	0.0	0.0	0.0	0.0	0.0	0.0	0.0
"Euzebya pacifica"	0.0	0.0	0.0	0.0	418.0	0.0	0.0	0.0	0.0	0.0	0.0	0.0	0.0	0.0	0.0	0.0	0.0
"Conexibacter woesei"	0.0	0.0	0.0	0.0	1896.0	0.0	0.0	0.0	0.0	0.0	0.0	0.0	0.0	0.0	0.0	0.0	0.0
"Patulibacter minatonensis"	0.0	0.0	0.0	0.0	574.0	0.0	0.0	0.0	0.0	0.0	0.0	0.0	0.0	0.0	0.0	0.0	0.0
"Solirubrobacter pauli"	0.0	0.0	0.0	0.0	771.0	0.0	0.0	0.0	0.0	0.0	0.0	0.0	0.0	0.0	0.0	0.0	0.0
"Solirubrobacter soli"	0.0	0.0	0.0	0.0	694.0	0.0	0.0	0.0	0.0	0.0	0.0	0.0	0.0	0.0	0.0	0.0	0.0
"Solirubrobacter sp. URHD0082"	0.0	0.0	0.0	0.0	964.0	0.0	0.0	0.0	0.0	0.0	0.0	0.0	0.0	0.0	0.0	0.0	0.0
"Solirubrobacterales bacterium URHD0059"	0.0	0.0	0.0	0.0	1743.0	0.0	0.0	0.0	0.0	0.0	0.0	0.0	0.0	0.0	0.0	0.0	0.0
"Anaerolineaceae bacterium oral taxon 439"	373037.0	35427.0	1327741.0	267708.0	109299.0	940474.0	19612.0	1181254.0	403768.0	464597.0	0.0	146409.0	797811.0	1076880.0	305754.0	344725.0	0.0
"Phormidium tenue"	0.0	0.0	0.0	0.0	1129.0	0.0	0.0	0.0	0.0	0.0	0.0	0.0	0.0	0.0	0.0	0.0	0.0
"Deinococcus indicus"	0.0	0.0	0.0	0.0	565.0	0.0	0.0	0.0	0.0	0.0	0.0	0.0	0.0	0.0	0.0	0.0	0.0
"Bacillus thuringiensis"	0.0	0.0	0.0	0.0	0.0	965.0	0.0	0.0	0.0	0.0	161.0	0.0	0.0	0.0	0.0	0.0	1064.0
"Gemella bergeri"	3464.0	0.0	0.0	0.0	0.0	0.0	0.0	0.0	0.0	0.0	0.0	357.0	0.0	0.0	923.0	0.0	0.0
"Gemella cuniculi"	0.0	0.0	0.0	0.0	0.0	0.0	0.0	0.0	780.0	0.0	0.0	225.0	0.0	0.0	683.0	0.0	0.0
"Gemella massiliensis"	1205.0	0.0	0.0	0.0	0.0	0.0	0.0	0.0	0.0	0.0	0.0	213.0	0.0	0.0	381.0	0.0	0.0
"Gemella morbillorum"	0.0	5765.0	0.0	0.0	0.0	0.0	759.0	624.0	0.0	0.0	0.0	0.0	1179.0	2613.0	0.0	11152.0	0.0
"Gemella sp. oral taxon 928"	0.0	0.0	937.0	0.0	0.0	436.0	0.0	0.0	0.0	0.0	0.0	424.0	0.0	0.0	0.0	0.0	0.0
"Kurthia sp. 11kri321"	0.0	0.0	0.0	0.0	509.0	0.0	0.0	0.0	0.0	0.0	0.0	0.0	0.0	0.0	0.0	0.0	0.0
"Staphylococcus equorum"	0.0	0.0	0.0	0.0	1092.0	0.0	0.0	0.0	0.0	0.0	0.0	0.0	0.0	0.0	0.0	0.0	0.0
"Staphylococcus hominis"	0.0	0.0	0.0	0.0	0.0	0.0	0.0	0.0	0.0	0.0	385.0	0.0	0.0	0.0	0.0	0.0	0.0
"Staphylococcus saprophyticus"	0.0	0.0	0.0	0.0	0.0	0.0	0.0	0.0	0.0	0.0	589.0	0.0	0.0	0.0	0.0	0.0	0.0
"Abiotrophia defectiva"	0.0	77305.0	0.0	0.0	0.0	0.0	372.0	0.0	0.0	0.0	0.0	0.0	2332.0	7781.0	0.0	20779.0	0.0
"Abiotrophia sp. HMSC24B09"	0.0	171531.0	0.0	0.0	0.0	0.0	832.0	0.0	0.0	0.0	0.0	0.0	4981.0	10473.0	0.0	46214.0	0.0
"Aerococcus christensenii"	0.0	0.0	0.0	0.0	0.0	0.0	0.0	0.0	0.0	0.0	0.0	314.0	0.0	0.0	0.0	0.0	0.0
"Aerococcus urinaeequi"	0.0	0.0	0.0	0.0	0.0	0.0	0.0	0.0	0.0	0.0	1559.0	0.0	0.0	0.0	0.0	0.0	0.0
"Allofustis seminis"	1027.0	0.0	0.0	0.0	0.0	0.0	0.0	0.0	0.0	0.0	0.0	334.0	916.0	0.0	609.0	0.0	0.0
"Granulicatella adiacens"	0.0	4044.0	0.0	0.0	0.0	0.0	0.0	0.0	0.0	0.0	0.0	0.0	0.0	0.0	0.0	0.0	0.0
"Granulicatella sp. 572.rep1_STHE"	0.0	2753.0	0.0	0.0	0.0	0.0	0.0	0.0	0.0	0.0	0.0	0.0	0.0	0.0	0.0	0.0	0.0
"Granulicatella sp. HMSC30F09"	0.0	3057.0	0.0	0.0	0.0	0.0	0.0	0.0	0.0	0.0	0.0	0.0	0.0	0.0	0.0	0.0	0.0
"Granulicatella sp. HMSC31F03"	0.0	2577.0	0.0	0.0	0.0	0.0	0.0	0.0	0.0	0.0	0.0	0.0	0.0	0.0	0.0	0.0	0.0
"Enterococcus casseliflavus"	0.0	0.0	0.0	0.0	787.0	0.0	0.0	0.0	0.0	0.0	0.0	0.0	0.0	0.0	0.0	0.0	0.0
"Enterococcus columbae"	0.0	0.0	0.0	0.0	850.0	0.0	0.0	0.0	0.0	0.0	0.0	0.0	0.0	0.0	0.0	0.0	0.0
"Enterococcus faecium"	19550.0	15151.0	25742.0	14944.0	53918.0	16737.0	24399.0	89606.0	11561.0	16284.0	67929.0	2697.0	41629.0	19500.0	4519.0	16168.0	251234.0
"Enterococcus mundtii"	0.0	0.0	0.0	0.0	1028.0	0.0	0.0	0.0	0.0	0.0	0.0	0.0	0.0	0.0	0.0	0.0	0.0
"Enterococcus sp. 10A9_DIV0425"	0.0	0.0	0.0	0.0	768.0	0.0	0.0	0.0	0.0	0.0	0.0	0.0	0.0	0.0	0.0	0.0	0.0
"Lactobacillus iners"	0.0	0.0	0.0	0.0	0.0	0.0	0.0	0.0	0.0	0.0	0.0	288.0	0.0	0.0	0.0	0.0	0.0
"Ligilactobacillus agilis"	0.0	0.0	0.0	0.0	673.0	0.0	0.0	0.0	0.0	0.0	0.0	0.0	0.0	0.0	0.0	0.0	0.0
"Ligilactobacillus salivarius"	0.0	0.0	0.0	0.0	482.0	0.0	0.0	0.0	0.0	0.0	0.0	0.0	0.0	0.0	0.0	0.0	0.0
"Limosilactobacillus ingluviei"	0.0	0.0	0.0	0.0	752.0	0.0	0.0	0.0	0.0	0.0	0.0	0.0	0.0	0.0	0.0	0.0	0.0
"Pediococcus acidilactici"	0.0	0.0	0.0	0.0	0.0	0.0	0.0	0.0	0.0	0.0	0.0	0.0	0.0	0.0	0.0	0.0	165.0
"Weissella viridescens"	0.0	0.0	0.0	0.0	0.0	0.0	0.0	0.0	0.0	0.0	662.0	0.0	0.0	0.0	0.0	0.0	2511.0
"Lactococcus piscium"	0.0	0.0	0.0	0.0	0.0	0.0	0.0	0.0	0.0	0.0	1090.0	0.0	0.0	0.0	0.0	0.0	0.0
"Streptococcus agalactiae"	0.0	0.0	0.0	0.0	0.0	0.0	409.0	0.0	0.0	0.0	0.0	0.0	0.0	0.0	0.0	0.0	0.0
"Streptococcus anginosus"	2891.0	1333.0	2433.0	1010.0	0.0	657.0	1338.0	1781.0	3009.0	1118.0	0.0	1733.0	1903.0	10324.0	4010.0	3343.0	0.0
"Streptococcus constellatus"	7792.0	0.0	2909.0	3772.0	0.0	553.0	0.0	950.0	2843.0	2781.0	0.0	2239.0	1089.0	3790.0	3398.0	789.0	0.0
"Streptococcus intermedius"	2962.0	3614.0	1665.0	5228.0	0.0	495.0	641.0	1115.0	2664.0	1858.0	0.0	1157.0	2319.0	5158.0	1277.0	2438.0	0.0
"Streptococcus caballi"	0.0	0.0	0.0	0.0	0.0	0.0	0.0	0.0	968.0	0.0	0.0	230.0	0.0	0.0	997.0	0.0	0.0
"Streptococcus cristatus"	0.0	16635.0	0.0	0.0	0.0	0.0	9436.0	15556.0	0.0	0.0	0.0	0.0	10672.0	133624.0	0.0	42673.0	0.0
"Streptococcus equi"	3517.0	0.0	2152.0	1360.0	0.0	361.0	0.0	542.0	4608.0	1145.0	0.0	1518.0	1507.0	3184.0	3701.0	721.0	0.0
"Streptococcus gordonii"	0.0	18945.0	0.0	0.0	0.0	0.0	905.0	950.0	0.0	0.0	0.0	0.0	3122.0	11288.0	0.0	8619.0	0.0
"Streptococcus massiliensis"	0.0	0.0	0.0	0.0	0.0	0.0	1669.0	520.0	0.0	0.0	0.0	0.0	0.0	2010.0	0.0	1153.0	0.0
"Streptococcus mitis"	0.0	2949.0	0.0	0.0	0.0	0.0	430.0	0.0	0.0	0.0	0.0	0.0	0.0	1211.0	0.0	1558.0	0.0
"Streptococcus oralis"	0.0	13815.0	0.0	0.0	0.0	0.0	3124.0	1755.0	0.0	0.0	968.0	0.0	2139.0	13477.0	0.0	14025.0	0.0
"Streptococcus parasanguinis"	0.0	3037.0	0.0	0.0	0.0	0.0	286.0	0.0	0.0	0.0	0.0	0.0	0.0	1991.0	0.0	846.0	0.0
"Streptococcus pasteurianus"	0.0	0.0	0.0	0.0	0.0	0.0	0.0	0.0	0.0	0.0	0.0	245.0	0.0	0.0	659.0	0.0	0.0
"Streptococcus pneumoniae"	0.0	1476.0	0.0	0.0	0.0	0.0	2276.0	0.0	0.0	0.0	0.0	0.0	0.0	2698.0	0.0	2104.0	0.0
"Streptococcus pseudopneumoniae"	0.0	979.0	0.0	0.0	0.0	0.0	1305.0	641.0	0.0	0.0	0.0	0.0	0.0	6255.0	0.0	2362.0	0.0
"Streptococcus pyogenes"	1774.0	0.0	0.0	740.0	0.0	0.0	0.0	0.0	829.0	0.0	0.0	258.0	0.0	0.0	552.0	0.0	0.0
"Streptococcus respiraculi"	0.0	0.0	0.0	0.0	0.0	0.0	0.0	0.0	1163.0	0.0	0.0	324.0	0.0	0.0	1106.0	0.0	0.0
"Streptococcus salivarius"	0.0	10005.0	0.0	0.0	0.0	0.0	343.0	0.0	0.0	0.0	0.0	296.0	0.0	2466.0	0.0	3072.0	0.0
"Streptococcus sanguinis"	0.0	936861.0	0.0	0.0	0.0	0.0	14414.0	13840.0	0.0	0.0	559.0	0.0	11464.0	106221.0	0.0	191344.0	0.0
"Streptococcus suis"	0.0	0.0	0.0	0.0	0.0	0.0	0.0	0.0	0.0	0.0	0.0	0.0	0.0	0.0	0.0	777.0	0.0
"Streptococcus sp. 263_SSPC"	0.0	1980.0	0.0	0.0	0.0	0.0	0.0	0.0	0.0	0.0	0.0	0.0	0.0	0.0	0.0	0.0	0.0
"Streptococcus sp. 2_1_36FAA"	0.0	3187.0	0.0	0.0	0.0	0.0	0.0	0.0	0.0	0.0	0.0	0.0	0.0	0.0	0.0	753.0	0.0
"Streptococcus sp. DD04"	0.0	19903.0	829.0	0.0	0.0	0.0	46882.0	65354.0	0.0	990.0	0.0	0.0	43093.0	562218.0	466.0	247442.0	0.0
"Streptococcus sp. HMSC034B05"	0.0	0.0	0.0	0.0	0.0	0.0	0.0	0.0	0.0	0.0	0.0	0.0	0.0	1199.0	0.0	0.0	0.0
"Streptococcus sp. HMSC057E02"	0.0	0.0	0.0	0.0	0.0	0.0	0.0	0.0	0.0	0.0	0.0	444.0	0.0	0.0	0.0	0.0	0.0
"Streptococcus sp. HMSC061D01"	3124.0	0.0	0.0	805.0	0.0	340.0	273.0	0.0	1513.0	0.0	0.0	410.0	0.0	0.0	1125.0	1211.0	0.0
"Streptococcus sp. HMSC062B01"	0.0	946.0	0.0	0.0	0.0	0.0	0.0	0.0	0.0	0.0	0.0	0.0	0.0	0.0	0.0	0.0	0.0
"Streptococcus sp. HMSC066E07"	0.0	0.0	0.0	0.0	0.0	0.0	0.0	0.0	0.0	0.0	0.0	0.0	0.0	1903.0	392.0	0.0	0.0
"Streptococcus sp. HMSC071D03"	0.0	0.0	0.0	0.0	0.0	0.0	275.0	0.0	0.0	0.0	0.0	0.0	0.0	0.0	0.0	0.0	0.0
"Streptococcus sp. HMSC077D04"	0.0	0.0	0.0	0.0	0.0	0.0	0.0	0.0	0.0	0.0	936.0	0.0	0.0	0.0	0.0	0.0	0.0
"Streptococcus sp. HMSC10A01"	0.0	1083.0	0.0	0.0	0.0	0.0	0.0	0.0	0.0	0.0	0.0	0.0	0.0	0.0	0.0	922.0	0.0
"Streptococcus sp. HMSC10E12"	0.0	0.0	0.0	0.0	0.0	0.0	0.0	0.0	0.0	0.0	0.0	0.0	0.0	1323.0	0.0	0.0	0.0
"Streptococcus sp. HMSC36C04"	0.0	0.0	0.0	0.0	0.0	0.0	0.0	0.0	692.0	0.0	0.0	0.0	0.0	0.0	464.0	0.0	0.0
"Streptococcus sp. NLAE-zl-C503"	0.0	0.0	0.0	0.0	0.0	0.0	323.0	0.0	0.0	0.0	0.0	0.0	0.0	0.0	0.0	876.0	0.0
"Streptococcus sp. NPS 308"	0.0	1945.0	0.0	0.0	0.0	0.0	0.0	0.0	0.0	0.0	0.0	0.0	0.0	0.0	0.0	792.0	0.0
"Streptococcus sp. oral taxon 058"	0.0	0.0	0.0	0.0	0.0	0.0	328.0	0.0	0.0	0.0	0.0	0.0	0.0	1923.0	0.0	1756.0	0.0
"Christensenella minuta"	0.0	0.0	0.0	833.0	0.0	0.0	0.0	0.0	0.0	0.0	0.0	227.0	0.0	0.0	693.0	0.0	0.0
"Clostridium botulinum"	1140.0	0.0	0.0	0.0	0.0	0.0	0.0	0.0	0.0	0.0	0.0	0.0	0.0	0.0	0.0	0.0	0.0
"Clostridium cadaveris"	0.0	0.0	0.0	0.0	0.0	0.0	0.0	0.0	817.0	0.0	0.0	0.0	0.0	0.0	738.0	0.0	0.0
"Clostridium indicum"	1640.0	0.0	0.0	0.0	0.0	0.0	0.0	0.0	0.0	0.0	0.0	526.0	0.0	0.0	0.0	608.0	0.0
"Clostridium sp. ATCC BAA-442"	0.0	0.0	0.0	0.0	0.0	0.0	0.0	0.0	0.0	0.0	0.0	592.0	0.0	0.0	0.0	0.0	0.0
"Hungatella hathewayi"	0.0	0.0	0.0	0.0	0.0	0.0	0.0	0.0	0.0	0.0	0.0	204.0	0.0	0.0	0.0	0.0	0.0
"Inediibacterium massiliense"	1595.0	0.0	0.0	0.0	0.0	0.0	0.0	0.0	0.0	0.0	0.0	0.0	0.0	0.0	0.0	0.0	0.0
"Anaerofustis stercorihominis"	1395.0	0.0	0.0	0.0	0.0	0.0	0.0	0.0	0.0	0.0	0.0	0.0	0.0	0.0	0.0	0.0	0.0
"Eubacterium callanderi"	983.0	0.0	834.0	0.0	0.0	0.0	0.0	0.0	1011.0	0.0	0.0	392.0	0.0	0.0	1003.0	0.0	0.0
"Eubacterium pyruvativorans"	4841.0	0.0	1429.0	2148.0	0.0	580.0	0.0	0.0	1569.0	1673.0	0.0	717.0	0.0	0.0	652.0	0.0	0.0
"Pseudoramibacter alactolyticus"	166440.0	0.0	13168.0	11711.0	0.0	3190.0	0.0	995.0	4654.0	1518.0	0.0	16725.0	2082.0	2385.0	30828.0	0.0	0.0
"[Eubacterium] brachy"	37728.0	0.0	18048.0	14054.0	0.0	3068.0	0.0	968.0	11204.0	9657.0	0.0	8192.0	3927.0	7037.0	4624.0	0.0	0.0
"[Eubacterium] infirmum"	28473.0	0.0	8194.0	9076.0	0.0	4111.0	0.0	1539.0	8946.0	7220.0	0.0	4426.0	4685.0	4655.0	5666.0	892.0	0.0
"[Eubacterium] minutum"	320792.0	2432.0	255352.0	176824.0	8786.0	243731.0	995.0	113980.0	322679.0	216580.0	0.0	134666.0	92891.0	130357.0	30683.0	127969.0	0.0
"[Eubacterium] saphenum"	86756.0	0.0	6148.0	16771.0	0.0	11250.0	0.0	6314.0	15123.0	28390.0	0.0	10341.0	6806.0	7932.0	6131.0	7524.0	0.0
"[Eubacterium] sulci"	4156.0	0.0	929.0	1516.0	0.0	382.0	294.0	0.0	1066.0	997.0	0.0	478.0	0.0	2156.0	441.0	0.0	0.0
"Anaerovorax odorimutans"	10661.0	0.0	2745.0	3713.0	0.0	1285.0	0.0	0.0	3191.0	2461.0	0.0	1470.0	1494.0	0.0	1547.0	0.0	0.0
"Emergencia timonensis"	14045.0	0.0	3383.0	4959.0	0.0	1448.0	0.0	0.0	3666.0	3519.0	0.0	1642.0	1498.0	1151.0	1552.0	0.0	0.0
"Mogibacterium diversum"	3952.0	0.0	0.0	2451.0	0.0	466.0	0.0	0.0	1779.0	908.0	0.0	831.0	0.0	2250.0	1020.0	0.0	0.0
"Mogibacterium pumilum"	20023.0	3249.0	7692.0	13211.0	0.0	5617.0	279.0	2566.0	10648.0	8704.0	0.0	8166.0	2558.0	9325.0	12869.0	1686.0	0.0
"Catonella morbi"	49733.0	1268.0	9410.0	15294.0	0.0	4414.0	562.0	2213.0	11662.0	6813.0	0.0	5006.0	8120.0	9927.0	8575.0	10636.0	0.0
"Dorea sp. 5-2"	0.0	0.0	0.0	0.0	0.0	0.0	0.0	1677.0	0.0	0.0	0.0	0.0	0.0	0.0	0.0	0.0	0.0
"Johnsonella ignava"	3639.0	2019.0	2052.0	1473.0	591.0	2577.0	343.0	5088.0	2533.0	2340.0	0.0	1184.0	29421.0	47768.0	1635.0	14664.0	0.0
"Lachnoanaerobaculum saburreum"	1575.0	2870.0	0.0	0.0	0.0	0.0	0.0	0.0	0.0	0.0	0.0	335.0	2803.0	3971.0	0.0	2559.0	0.0
"Lachnoanaerobaculum umeaense"	0.0	1625.0	0.0	0.0	0.0	0.0	0.0	0.0	0.0	0.0	0.0	0.0	761.0	1222.0	0.0	856.0	0.0
"Lachnoanaerobaculum sp. OBRC5-5"	2247.0	6306.0	853.0	1007.0	0.0	0.0	0.0	0.0	770.0	0.0	0.0	606.0	1539.0	1665.0	408.0	970.0	0.0
"Oribacterium asaccharolyticum"	1856.0	0.0	0.0	0.0	0.0	0.0	0.0	0.0	800.0	0.0	0.0	0.0	0.0	0.0	430.0	0.0	0.0
"Oribacterium sp. oral taxon 078"	2743.0	0.0	1171.0	1374.0	0.0	1089.0	0.0	863.0	2114.0	1639.0	0.0	730.0	9249.0	3237.0	1003.0	601.0	0.0
"Pseudobutyrivibrio sp. ACV-2"	3109.0	0.0	1374.0	1407.0	0.0	582.0	0.0	0.0	1395.0	1001.0	0.0	551.0	734.0	0.0	698.0	0.0	0.0
"Roseburia inulinivorans"	0.0	0.0	0.0	0.0	0.0	0.0	0.0	0.0	0.0	0.0	0.0	300.0	0.0	0.0	0.0	0.0	0.0
"Shuttleworthia satelles"	1751.0	0.0	943.0	845.0	0.0	455.0	0.0	0.0	1204.0	0.0	0.0	2040.0	875.0	0.0	1156.0	0.0	0.0
"Stomatobaculum longum"	0.0	0.0	0.0	0.0	0.0	0.0	0.0	0.0	0.0	0.0	0.0	0.0	779.0	0.0	691.0	0.0	0.0
"Lachnospiraceae bacterium"	2288.0	0.0	0.0	710.0	0.0	350.0	0.0	0.0	0.0	0.0	0.0	450.0	0.0	0.0	0.0	0.0	0.0
"Lachnospiraceae bacterium 1_1_57FAA"	0.0	0.0	0.0	0.0	0.0	0.0	0.0	0.0	0.0	0.0	0.0	354.0	0.0	0.0	0.0	0.0	0.0
"Lachnospiraceae bacterium 3_1_46FAA"	1099.0	0.0	0.0	0.0	0.0	0.0	0.0	0.0	0.0	0.0	0.0	0.0	0.0	0.0	0.0	0.0	0.0
"Lachnospiraceae bacterium 8_1_57FAA"	0.0	0.0	0.0	0.0	0.0	0.0	0.0	0.0	0.0	0.0	0.0	303.0	0.0	0.0	0.0	0.0	0.0
"Lachnospiraceae bacterium oral taxon 500"	61936.0	27031.0	26784.0	28838.0	571.0	18035.0	867.0	5681.0	22935.0	25048.0	0.0	15201.0	16280.0	36511.0	21882.0	32705.0	0.0
"Angelakisella massiliensis"	0.0	0.0	0.0	0.0	0.0	3687.0	0.0	630.0	0.0	0.0	0.0	0.0	0.0	0.0	0.0	0.0	0.0
"Ethanoligenens harbinense"	0.0	0.0	0.0	816.0	0.0	0.0	0.0	0.0	0.0	0.0	0.0	0.0	0.0	0.0	0.0	0.0	0.0
"Fastidiosipila sanguinis"	13788.0	0.0	0.0	3648.0	0.0	0.0	0.0	0.0	1262.0	790.0	0.0	757.0	0.0	0.0	570.0	0.0	0.0
"Mageeibacillus indolicus"	0.0	0.0	0.0	0.0	0.0	0.0	0.0	0.0	0.0	0.0	0.0	350.0	0.0	0.0	0.0	0.0	0.0
"[Clostridium] sporosphaeroides"	0.0	0.0	0.0	541.0	0.0	0.0	0.0	0.0	0.0	0.0	0.0	217.0	0.0	0.0	0.0	0.0	0.0
"Ruminococcus albus"	1102.0	0.0	0.0	0.0	0.0	0.0	0.0	0.0	0.0	0.0	0.0	0.0	0.0	0.0	0.0	0.0	0.0
"Ruminococcus flavefaciens"	2086.0	0.0	0.0	708.0	0.0	0.0	0.0	0.0	0.0	0.0	0.0	280.0	0.0	0.0	0.0	0.0	0.0
"Ruminococcaceae bacterium CPB6"	0.0	0.0	0.0	2511.0	0.0	0.0	0.0	0.0	0.0	0.0	0.0	0.0	0.0	1521.0	0.0	0.0	0.0
"Peptococcus niger"	1800.0	0.0	0.0	888.0	0.0	386.0	0.0	0.0	804.0	0.0	0.0	529.0	0.0	0.0	0.0	0.0	0.0
"Clostridioides difficile"	2639.0	0.0	943.0	846.0	0.0	0.0	0.0	0.0	1704.0	0.0	0.0	692.0	740.0	0.0	1184.0	0.0	0.0
"Filifactor alocis"	17466.0	0.0	10966.0	5503.0	0.0	3873.0	0.0	1310.0	5439.0	4628.0	0.0	4868.0	3538.0	10824.0	2533.0	1783.0	0.0
"[Eubacterium] yurii"	1822.0	7182.0	0.0	752.0	0.0	533.0	0.0	0.0	849.0	0.0	0.0	486.0	2417.0	4505.0	927.0	8799.0	0.0
"Peptoanaerobacter stomatis"	17698.0	0.0	8298.0	9087.0	0.0	3060.0	0.0	1927.0	8634.0	6084.0	0.0	8761.0	5337.0	10648.0	6177.0	3268.0	0.0
"Peptostreptococcus anaerobius"	2471.0	0.0	1391.0	1775.0	0.0	0.0	0.0	701.0	5077.0	0.0	0.0	258.0	1822.0	2129.0	3879.0	0.0	0.0
"Peptostreptococcaceae bacterium oral taxon 113"	75086.0	745.0	91475.0	64683.0	854.0	17573.0	753.0	39850.0	32927.0	94350.0	0.0	73161.0	59317.0	150887.0	43346.0	15780.0	0.0
"Peptostreptococcaceae bacterium pGA-8"	42152.0	0.0	10397.0	14281.0	0.0	4690.0	0.0	2367.0	10025.0	9976.0	0.0	6944.0	3925.0	6715.0	8544.0	1123.0	0.0
"Syntrophomonas wolfei"	0.0	0.0	0.0	0.0	0.0	0.0	0.0	0.0	0.0	0.0	0.0	287.0	0.0	0.0	0.0	0.0	0.0
"Syntrophomonas zehnderi"	0.0	0.0	0.0	0.0	0.0	0.0	0.0	0.0	0.0	0.0	0.0	370.0	0.0	0.0	0.0	0.0	0.0
"Clostridiales bacterium"	0.0	0.0	0.0	0.0	0.0	0.0	0.0	0.0	0.0	0.0	0.0	0.0	1192.0	2798.0	0.0	0.0	0.0
"Clostridiales bacterium KA00274"	2608.0	0.0	1130.0	1485.0	0.0	0.0	0.0	0.0	1286.0	842.0	0.0	594.0	721.0	0.0	663.0	0.0	0.0
"Clostridiales bacterium Marseille-P2846"	0.0	0.0	0.0	0.0	0.0	0.0	0.0	0.0	0.0	0.0	0.0	0.0	889.0	2269.0	0.0	607.0	0.0
"Eggerthia catenaformis"	29464.0	0.0	12929.0	19914.0	0.0	3558.0	0.0	2157.0	10451.0	8744.0	0.0	8184.0	4709.0	15875.0	8397.0	2127.0	0.0
"Solobacterium moorei"	3171.0	0.0	976.0	1722.0	0.0	0.0	0.0	609.0	1220.0	1111.0	0.0	610.0	1010.0	5247.0	2744.0	677.0	0.0
"Erysipelotrichaceae bacterium NK3D112"	0.0	0.0	0.0	0.0	0.0	0.0	0.0	0.0	0.0	0.0	0.0	0.0	749.0	0.0	0.0	0.0	0.0
"Ndongobacter massiliensis"	9154.0	0.0	4221.0	4047.0	0.0	1988.0	0.0	579.0	4049.0	3013.0	0.0	2118.0	2373.0	1596.0	2734.0	0.0	0.0
"Centipeda periodontii"	0.0	0.0	0.0	0.0	0.0	0.0	0.0	0.0	0.0	0.0	0.0	0.0	3533.0	2755.0	0.0	0.0	0.0
"Selenomonas artemidis"	0.0	0.0	0.0	0.0	0.0	0.0	0.0	0.0	0.0	0.0	0.0	0.0	1133.0	1834.0	0.0	0.0	0.0
"Selenomonas felix"	0.0	0.0	0.0	0.0	0.0	0.0	290.0	0.0	0.0	0.0	0.0	0.0	0.0	0.0	0.0	0.0	0.0
"Selenomonas infelix"	0.0	1578.0	0.0	0.0	0.0	0.0	0.0	449.0	0.0	0.0	0.0	0.0	2710.0	3207.0	0.0	927.0	0.0
"Selenomonas massiliensis"	0.0	753.0	0.0	0.0	0.0	0.0	0.0	0.0	0.0	0.0	0.0	0.0	2618.0	2807.0	0.0	739.0	0.0
"Selenomonas noxia"	0.0	2137.0	0.0	0.0	0.0	0.0	0.0	444.0	821.0	0.0	0.0	0.0	13346.0	23401.0	0.0	1853.0	0.0
"Selenomonas ruminantium"	0.0	0.0	0.0	0.0	0.0	0.0	0.0	0.0	0.0	814.0	0.0	201.0	718.0	0.0	0.0	0.0	0.0
"Selenomonas sputigena"	0.0	1905.0	0.0	0.0	0.0	0.0	0.0	461.0	1199.0	0.0	0.0	0.0	7282.0	15915.0	814.0	875.0	0.0
"Selenomonas sp. oral taxon 126"	0.0	768.0	0.0	0.0	0.0	0.0	0.0	0.0	0.0	0.0	0.0	0.0	5089.0	4772.0	0.0	674.0	0.0
"Selenomonas sp. oral taxon 138"	0.0	938.0	0.0	0.0	0.0	0.0	0.0	0.0	0.0	0.0	0.0	0.0	9821.0	8870.0	0.0	750.0	0.0
"Selenomonas sp. oral taxon 892"	0.0	4560.0	0.0	0.0	0.0	0.0	0.0	0.0	0.0	0.0	0.0	0.0	5159.0	10652.0	0.0	5239.0	0.0
"Selenomonas sp. oral taxon 920"	0.0	1027.0	0.0	0.0	0.0	0.0	0.0	0.0	0.0	0.0	0.0	0.0	3819.0	6046.0	0.0	1080.0	0.0
"Anaeroglobus geminatus"	0.0	0.0	0.0	0.0	0.0	0.0	0.0	0.0	0.0	0.0	0.0	0.0	1763.0	0.0	0.0	0.0	0.0
"Dialister invisus"	0.0	0.0	0.0	0.0	0.0	0.0	0.0	1484.0	0.0	0.0	0.0	0.0	0.0	1657.0	0.0	0.0	0.0
"Dialister pneumosintes"	1294.0	0.0	0.0	0.0	0.0	0.0	0.0	0.0	0.0	0.0	0.0	0.0	0.0	0.0	0.0	0.0	0.0
"Megasphaera micronuciformis"	0.0	0.0	0.0	0.0	0.0	975.0	0.0	0.0	0.0	0.0	0.0	0.0	0.0	0.0	0.0	0.0	0.0
"Veillonella sp. 6_1_27"	0.0	0.0	0.0	0.0	0.0	0.0	0.0	0.0	0.0	0.0	0.0	612.0	0.0	0.0	0.0	0.0	0.0
"Veillonella parvula"	0.0	826.0	0.0	1771.0	0.0	0.0	0.0	0.0	0.0	0.0	0.0	0.0	0.0	1296.0	0.0	942.0	0.0
"Anaerococcus octavius"	0.0	0.0	0.0	0.0	0.0	0.0	0.0	0.0	0.0	0.0	0.0	0.0	0.0	0.0	388.0	0.0	0.0
"Finegoldia magna"	1540.0	0.0	0.0	0.0	0.0	0.0	0.0	0.0	0.0	0.0	0.0	0.0	0.0	0.0	0.0	0.0	0.0
"Murdochiella vaginalis"	1878.0	0.0	0.0	905.0	0.0	509.0	0.0	0.0	904.0	0.0	0.0	1804.0	0.0	1655.0	1419.0	0.0	0.0
"Parvimonas micra"	9375.0	0.0	3987.0	4775.0	0.0	1507.0	519.0	883.0	3270.0	4523.0	0.0	4446.0	2035.0	14849.0	2662.0	1986.0	0.0
"Peptoniphilus indolicus"	2845.0	0.0	1412.0	1284.0	0.0	0.0	0.0	0.0	1965.0	0.0	0.0	712.0	913.0	0.0	1742.0	0.0	0.0
"Peptoniphilus urinimassiliensis"	0.0	0.0	0.0	0.0	0.0	0.0	0.0	0.0	1942.0	0.0	0.0	0.0	858.0	0.0	1864.0	0.0	0.0
"Peptoniphilus sp. HMSC062D09"	0.0	0.0	0.0	0.0	0.0	0.0	0.0	0.0	1710.0	0.0	0.0	0.0	749.0	0.0	1158.0	0.0	0.0
"Peptoniphilus sp. HMSC075B08"	0.0	0.0	0.0	0.0	0.0	0.0	0.0	0.0	0.0	0.0	0.0	313.0	0.0	0.0	0.0	0.0	0.0
"Peptoniphilus sp. oral taxon 386"	46205.0	0.0	10671.0	10642.0	0.0	4075.0	0.0	1304.0	10649.0	9008.0	0.0	6415.0	6079.0	5911.0	8464.0	644.0	0.0
"Anaerosalibacter massiliensis"	3959264.0	943071.0	2110024.0	1562105.0	750015.0	1855.0	390883.0	1909.0	1993722.0	1905378.0	46042.0	2919.0	1505770.0	2684787.0	394055.0	1393961.0	2115.0
"Firmicutes bacterium"	2542.0	0.0	0.0	766.0	0.0	0.0	0.0	0.0	767.0	0.0	0.0	233.0	0.0	0.0	0.0	0.0	0.0
"Candidatus Methanomethylophilus alvus"	6812.0	0.0	2520.0	5733.0	0.0	0.0	0.0	0.0	1738.0	1718.0	0.0	1096.0	0.0	0.0	4682.0	0.0	0.0
"Thermoplasmatales archaeon BRNA1"	6973.0	0.0	2618.0	5496.0	0.0	0.0	0.0	0.0	1623.0	1751.0	0.0	993.0	0.0	0.0	4630.0	0.0	0.0
"methanogenic archaeon ISO4-H5"	2763.0	0.0	1007.0	2244.0	0.0	0.0	0.0	0.0	0.0	0.0	0.0	436.0	0.0	0.0	1612.0	0.0	0.0
"Methanobrevibacter arboriphilus"	2523.0	0.0	0.0	700.0	0.0	0.0	0.0	736.0	1041.0	0.0	0.0	0.0	0.0	0.0	997.0	0.0	0.0
"Methanobrevibacter millerae"	112096.0	0.0	2229.0	26693.0	0.0	1155.0	428.0	25164.0	49783.0	1547.0	0.0	635.0	1041.0	1654.0	113620.0	886.0	0.0
"Methanobrevibacter olleyae"	26095.0	0.0	1713.0	7068.0	0.0	0.0	0.0	5787.0	10958.0	2580.0	0.0	871.0	0.0	0.0	24031.0	0.0	0.0
"Methanobrevibacter oralis"	233756.0	1134.0	1279648.0	530862.0	24015.0	2225.0	874.0	55447.0	106680.0	1852025.0	0.0	589449.0	6638.0	261779.0	305990.0	2127.0	0.0
"Methanobrevibacter ruminantium"	4913.0	0.0	0.0	1299.0	0.0	0.0	0.0	1208.0	1958.0	0.0	0.0	0.0	0.0	0.0	2998.0	0.0	0.0
"Methanobrevibacter smithii"	78331.0	0.0	1863.0	21385.0	370.0	813.0	259.0	19240.0	39508.0	1730.0	0.0	628.0	853.0	1290.0	63592.0	0.0	0.0
"Methanobrevibacter wolinii"	6491.0	0.0	0.0	1703.0	0.0	0.0	0.0	1546.0	2596.0	0.0	0.0	0.0	0.0	0.0	2921.0	0.0	0.0
"Methanobrevibacter sp. AbM4"	3560.0	0.0	0.0	916.0	0.0	0.0	0.0	915.0	1450.0	0.0	0.0	0.0	0.0	0.0	1582.0	0.0	0.0
"Methanobrevibacter sp. YE315"	219789.0	977.0	1568.0	51453.0	802.0	2125.0	885.0	49405.0	108185.0	0.0	0.0	244.0	2315.0	3016.0	249845.0	1811.0	0.0
"Methanosphaera stadtmanae"	1220.0	0.0	0.0	0.0	0.0	0.0	0.0	0.0	0.0	0.0	0.0	0.0	0.0	0.0	557.0	0.0	0.0
"Methanosphaera sp. BMS"	1054.0	0.0	0.0	0.0	0.0	0.0	0.0	0.0	0.0	0.0	0.0	0.0	0.0	0.0	538.0	0.0	0.0
"Homo sapiens"	0.0	0.0	1375.0	0.0	617.0	0.0	0.0	0.0	0.0	0.0	968.0	231.0	0.0	0.0	0.0	0.0	0.0
